"Name","RA","DEC","GLON","GLAT","r50","n07","pmRA","e_pmRA","pmDE","e_pmDE","plx","e_plx","Flag","Age","A","D_m","D_pc","X","Y","Z","Rgc"
"BDSB91",96.319,-10.551,219.468,-10.554,0.036,32,-3.183,0.196,1.15,0.282,1.033,0.067,"NN",7.15,1.8,9.91,961,-729,-600,-176,9089
"NGC_7129",325.74,66.114,105.403,9.887,0.042,36,-1.759,0.291,-3.267,0.376,1.086,0.05,"NN",7.33,1.78,9.72,878,-229,834,150,8610
"NGC_2264",100.217,9.877,202.941,2.166,0.072,161,-1.69,0.508,-3.727,0.251,1.354,0.094,"NN",7.44,0.79,9.25,707,-650,-275,26,8995
"UBC_392",336.125,64.926,108.154,6.355,0.073,33,-0.642,0.109,-3.287,0.112,1.056,0.032,"NN",7.85,1.47,9.92,965,-298,911,106,8686
"NGC_7160",328.448,62.589,104.014,6.437,0.075,45,-3.472,0.152,-1.378,0.197,1.05,0.055,"NN",7.16,1.07,9.78,903,-217,871,101,8601
"Pismis_Moreno_1",334.695,63.251,106.713,5.293,0.075,62,-2.301,0.335,-2.251,0.3,1.051,0.079,"NN",6.95,2.06,9.96,981,-281,936,90,8671
"UPK_178",334.479,60.071,104.863,2.708,0.078,31,-4.297,0.127,-3.322,0.146,1.039,0.038,"NN",8.31,1.8,9.92,962,-246,929,45,8636
"NGC_6178",248.939,-45.635,338.408,1.219,0.08,34,0.521,0.204,-3.342,0.153,1.099,0.08,"NN",7.22,0.52,9.8,913,849,-336,19,7498
"UPK_126",311.768,43.816,83.763,0.292,0.081,34,-1.467,0.264,-1.964,0.29,1.177,0.121,"NN",7.13,1.68,9.51,796,86,791,4,8291
"UPK_38",280.829,-1.654,30.544,1.054,0.082,29,-1.102,0.274,-5.202,0.233,1.675,0.119,"NN",7.16,2.09,8.9,601,518,305,11,7827
"FSR_0398",339.135,64.153,108.869,5.029,0.084,55,-3.218,0.192,-1.109,0.123,1.043,0.038,"NN",7.26,2.01,9.81,917,-295,864,80,8678
"UBC_394",343.738,59.247,108.518,-0.321,0.087,31,2.152,0.092,0.068,0.07,1.092,0.023,"manual",8.2,1.85,9.91,958,-304,908,-5,8692
"UPK_468",118.411,-13.511,232.15,7.217,0.087,13,-1.53,0.073,0.131,0.096,1.125,0.038,"NN",7.83,0.17,9.68,862,-524,-675,108,8890
"FSR_1117",94.159,-8.945,217.046,-11.764,0.09,26,-3.711,0.218,0.704,0.354,1.049,0.13,"NN",7.19,1.52,9.8,911,-712,-537,-185,9067
"UBC_480",119.954,-50.636,264.864,-10.761,0.094,13,-5.373,0.119,5.67,0.062,2.077,0.02,"NN",8.32,0.08,8.41,481,-42,-471,-89,8395
"FSR_0551",24.938,64.878,128.034,2.486,0.095,44,0.112,0.144,-1.422,0.163,1.063,0.052,"NN",7.13,1.06,9.95,976,-601,768,42,8974
"NGC_1333",52.297,31.31,158.343,-20.505,0.095,50,7.425,0.868,-9.865,0.515,3.344,0.268,"NN",7.06,2.12,7.38,299,-260,103,-104,8601
"IC_348",56.132,32.159,160.486,-17.81,0.096,139,4.483,0.593,-6.447,0.603,3.079,0.152,"NN",7.07,1.91,7.64,337,-303,107,-103,8643
"ASCC_66",168.367,-55.437,289.28,4.816,0.097,22,-11.331,0.104,2.969,0.09,0.999,0.045,"NN",7.77,0.07,9.94,971,319,-913,81,8072
"NGC_6716",283.616,-19.888,15.397,-9.565,0.099,76,-1.476,0.199,-6.013,0.184,1.405,0.079,"NN",7.99,0.43,9.23,702,668,183,-116,7674
"NGC_6997",314.128,44.64,85.473,-0.475,0.101,88,-4.275,0.155,-6.882,0.19,1.127,0.033,"NN",8.81,1.43,9.77,901,71,898,-7,8317
"UBC_385",317.94,60.092,98.589,8.033,0.102,26,-2.53,0.068,-3.468,0.094,1.178,0.042,"NN",7.29,1.2,9.71,876,-129,858,122,8512
"UPK_13",282.007,-18.281,16.194,-7.497,0.102,86,-1.131,0.151,-4.104,0.155,1.063,0.056,"NN",8.25,0.67,9.89,950,905,262,-124,7439
"UPK_630",249.193,-51.304,334.311,-2.714,0.104,36,-1.76,0.089,-2.289,0.073,1.047,0.043,"NN",8.05,0.25,9.75,892,803,-386,-42,7546
"NGC_6250",254.497,-45.951,340.678,-1.936,0.105,76,0.454,0.156,-2.379,0.142,0.988,0.059,"NN",7.38,1.18,10,998,941,-330,-33,7405
"NGC_1758",76.175,23.813,179.158,-10.46,0.106,137,3.156,0.146,-3.465,0.129,1.103,0.059,"NN",8.44,0.93,9.74,885,-870,12,-160,9210
"Ruprecht_108",203.002,-58.509,308.223,3.945,0.106,32,-9.025,0.178,-2.323,0.155,0.977,0.059,"NN",7.92,0.27,9.98,992,612,-778,68,7766
"ESO_130_06",181.97,-59.31,297.391,3.092,0.109,71,-11.266,0.148,-0.866,0.127,1.229,0.039,"NN",8.15,0.27,9.54,808,371,-716,43,8000
"NGC_7058",320.448,50.822,92.891,0.603,0.109,26,7.432,0.2,2.889,0.239,2.73,0.032,"NN",7.61,0.18,7.73,350,-17,350,3,8365
"UBC_250",118.12,-60.373,273.142,-16.294,0.113,25,-3.502,0.174,10.888,0.13,1.016,0.032,"NN",8.52,0.31,9.92,962,50,-922,-269,8340
"NGC_6425",266.733,-31.507,357.95,-1.578,0.114,128,3.801,0.151,-1.647,0.123,0.987,0.071,"NN",8.67,0.87,9.95,976,975,-34,-26,7364
"UPK_578",192.965,-57.367,302.989,5.504,0.117,55,-12.913,0.108,-4.654,0.15,1.045,0.068,"NN",8.94,0.7,9.9,956,518,-798,91,7862
"NGC_7063",321.122,36.507,83.093,-9.888,0.12,64,1.524,0.131,-2.482,0.123,1.477,0.04,"NN",7.99,0.23,9.1,661,78,646,-113,8286
"UBC_255",128.456,-61.463,276.758,-12.514,0.12,49,-4.882,0.088,2.831,0.108,1.049,0.036,"NN",9.38,0,9.75,890,102,-863,-192,8282
"UBC_415",42.54,72.914,131.489,12.034,0.12,17,-1.301,0.091,-1.626,0.175,1.096,0.043,"NN",7.37,1.06,9.59,829,-537,607,172,8898
"UBC_167",324.786,62.332,102.559,7.355,0.123,39,-2.078,0.094,-3.022,0.111,1.065,0.028,"NN",7.34,1.08,9.85,931,-200,901,119,8588
"Pismis_5",129.407,-39.603,259.355,0.905,0.124,80,-5.494,0.224,4.275,0.163,1.026,0.067,"NN",7,1.48,9.87,941,-173,-925,14,8564
"UPK_23",282.218,-12.879,21.149,-5.265,0.124,15,-0.913,0.079,-2.127,0.071,1.021,0.043,"NN",8.04,1.11,9.94,972,903,349,-89,7444
"NGC_1977",83.815,-4.819,208.45,-19.137,0.128,115,1.271,0.471,-0.753,0.503,2.521,0.069,"NN",7.99,1.64,8.05,407,-338,-183,-133,8680
"Gulliver_11",67.996,43.62,159.434,-3.079,0.131,61,0.4,0.206,-2.229,0.149,1.061,0.068,"NN",8.51,0.76,9.79,907,-848,318,-48,9194
"UBC_56",69.874,47.534,157.428,0.529,0.133,72,1.594,0.193,-4.008,0.123,1.118,0.045,"NN",8.78,1.59,9.75,891,-823,342,8,9169
"NGC_2183",92.717,-6.213,213.898,-11.839,0.139,52,-3.605,0.454,0.447,0.254,1.211,0.123,"NN",7.24,1.6,9.56,815,-662,-444,-167,9013
"ASCC_97",279.263,-19.139,14.25,-5.553,0.14,20,-2.331,0.327,-6.508,0.385,1.74,0.086,"manual",8.05,1.17,8.89,598,577,146,-57,7763
"NGC_2925",143.321,-53.413,275.956,-1.254,0.141,84,-8.533,0.171,5.336,0.145,1.295,0.046,"NN",8.11,0.2,9.34,738,76,-734,-16,8295
"UBC_55",66.364,46.122,156.823,-2.19,0.143,56,-1.067,0.141,-2.604,0.098,1.079,0.048,"NN",7.53,1.38,9.76,896,-823,352,-34,9170
"UPK_201",344.732,61.648,110.01,1.645,0.143,32,-3.995,0.113,-3.376,0.16,1.061,0.049,"NN",7.2,3.39,9.82,919,-314,863,26,8697
"vdBergh_80",97.739,-9.625,219.247,-8.891,0.143,75,-3.298,0.397,0.418,0.385,1.025,0.103,"NN",6.81,1.53,9.8,910,-696,-569,-140,9054
"NGC_7039",317.663,45.597,87.847,-1.7,0.144,109,-0.32,0.287,-2.542,0.215,1.293,0.077,"NN",7.34,0.28,9.39,753,28,753,-22,8345
"UPK_605",234.582,-65.957,318.842,-8.387,0.144,57,-3.627,0.085,-4.257,0.134,1.319,0.046,"NN",7.84,0.16,9.33,734,547,-478,-107,7807
"UPK_502",124.371,-37.798,255.586,-1.267,0.147,44,-8.119,0.182,5.621,0.191,1.397,0.05,"NN",7.86,0.17,9.27,715,-177,-692,-15,8546
"UPK_607",225.058,-57.148,319.747,1.434,0.147,37,-4.231,0.187,-3.245,0.156,1.049,0.073,"NN",7.19,0.79,9.82,919,701,-594,23,7661
"Collinder_197",131.202,-41.28,261.517,0.956,0.15,229,-5.808,0.305,3.933,0.388,1.034,0.085,"NN",7.15,1.42,9.9,955,-140,-944,15,8533
"UPK_394",78.808,6.291,195.651,-18.109,0.15,40,-0.51,0.121,-1.975,0.1,1.233,0.066,"NN",8.32,0.31,9.5,795,-727,-203,-247,9070
"NGC_1980",83.81,-5.924,209.52,-19.629,0.151,121,1.215,0.21,0.54,0.261,2.586,0.061,"NN",7.12,0.7,7.88,377,-309,-175,-126,8650
"vdBergh_83",100.025,-27.189,236.448,-14.329,0.151,48,-2.896,0.193,3.199,0.234,1.034,0.093,"NN",7.49,0.51,9.76,897,-480,-724,-222,8850
"UBC_150",325.52,37.584,86.439,-11.552,0.152,26,-4.16,0.102,-6.715,0.079,1.141,0.049,"NN",8.3,0.37,9.7,871,53,852,-174,8330
"UBC_168",332.43,57.549,102.564,1.207,0.153,27,1.796,0.086,1.633,0.061,1.069,0.013,"NN",7.86,1.13,9.84,928,-201,906,19,8589
"UPK_28",277.352,-4.974,25.992,2.606,0.153,57,0.772,0.177,-2.511,0.176,1.109,0.059,"NN",8.22,2.88,9.84,927,833,406,42,7517
"UPK_7",276.781,-17.401,14.727,-2.637,0.153,31,-0.294,0.203,-5.865,0.07,1.26,0.04,"NN",8.46,0.89,9.47,782,756,198,-36,7586
"UPK_45",291.696,0.212,37.179,-7.745,0.155,50,-0.697,0.142,-2.138,0.121,1.109,0.057,"NN",8.02,0.83,9.76,897,708,537,-120,7650
"COIN-Gaia_14",77.696,39.195,167.476,-0.293,0.157,19,1.331,0.094,-6.598,0.081,1.043,0.032,"NN",8.63,0.62,9.86,936,-914,203,-4,9256
"UPK_27",275.051,-5.167,24.746,4.55,0.157,69,2.381,0.177,-2.116,0.161,1.088,0.066,"NN",9.21,2.27,9.83,924,836,385,73,7513
"King_6",51.982,56.444,143.345,-0.095,0.159,227,3.864,0.219,-1.814,0.244,1.346,0.067,"NN",8.31,1.34,9.38,751,-603,448,-1,8954
"UBC_178",346.201,63.36,111.303,2.92,0.16,58,-1.235,0.224,-1.823,0.139,1.148,0.027,"NN",7.01,1.58,9.88,947,-343,881,48,8728
"NGC_2301",102.943,0.465,212.557,0.287,0.162,402,-1.367,0.208,-2.179,0.187,1.135,0.068,"NN",8.33,0.08,9.67,857,-722,-461,4,9074
"UPK_18",280.763,-15.325,18.325,-5.119,0.165,42,3.112,0.211,0.98,0.244,1.28,0.095,"NN",8.86,1.04,9.47,782,739,244,-69,7604
"NGC_2682",132.846,11.814,215.691,31.921,0.166,598,-10.986,0.193,-2.964,0.201,1.135,0.051,"NN",9.63,0.07,9.75,889,-613,-440,470,8964
"NGC_7762",357.472,68.035,117.206,5.85,0.17,419,1.452,0.165,4.016,0.168,1.002,0.036,"NN",9.31,1.91,9.77,897,-408,794,91,8784
"Collinder_95",97.788,9.894,201.825,0.049,0.171,136,-2.263,0.347,-5.159,0.311,1.458,0.117,"NN",7.28,1.52,9.1,659,-612,-245,0,8955
"NGC_2215",95.199,-7.277,215.985,-10.104,0.173,115,0.436,0.114,-3.673,0.124,1.021,0.054,"NN",8.84,0.47,9.95,978,-779,-566,-171,9137
"ASCC_107",297.164,21.987,58.904,-1.901,0.174,57,-0.155,0.101,-5.156,0.115,1.109,0.049,"NN",7.23,1.69,9.7,870,449,744,-28,7925
"UBC_88",58.17,45.969,152.733,-6.154,0.174,88,-1.421,0.178,-2.926,0.185,1.002,0.046,"NN",7.72,1.05,9.89,951,-840,433,-101,9190
"UPK_90",299.777,28.422,65.62,-0.603,0.174,41,-0.824,0.153,-5.705,0.111,1.228,0.075,"NN",7.69,0.85,9.49,791,326,720,-8,8045
"UPK_282",30.347,43.787,136.075,-17.291,0.18,40,-2.8,0.156,-3.227,0.19,1.209,0.102,"NN",7.88,0.27,9.46,779,-536,516,-231,8891
"UPK_29",278.617,-5.47,26.143,1.259,0.181,62,0.425,0.196,2.817,0.175,1.487,0.076,"NN",8.91,1.9,9.17,681,611,300,14,7734
"Gulliver_10",123.09,-38.676,255.772,-2.561,0.183,42,-4.443,0.24,4.965,0.154,1.652,0.083,"NN",6.97,0.62,8.94,613,-150,-593,-27,8511
"UBC_159",339.03,39.621,96.44,-16.166,0.183,67,-1.905,0.232,-4.786,0.289,1.988,0.062,"NN",7.16,0.82,8.37,472,-50,450,-131,8403
"UPK_617",234.809,-55.394,325.239,0.04,0.183,84,-2.736,0.175,-5.314,0.14,1.36,0.061,"NN",7.85,0.46,9.27,714,587,-407,0,7763
"UPK_131",315.517,45.391,86.698,-0.753,0.186,42,2.833,0.105,-1.08,0.091,1.013,0.045,"NN",8.73,1.11,9.92,964,55,963,-12,8340
"Ferrero_1",275.063,-32.338,0.674,-8.158,0.188,98,0.149,0.153,-4.809,0.154,1.145,0.066,"NN",8.4,0.4,9.71,875,866,10,-124,7473
"UPK_402",87.515,2.822,203.25,-12.29,0.189,47,-1.112,0.317,-1.917,0.273,2.385,0.133,"NN",6.86,1.26,8.19,433,-389,-167,-92,8730
"UPK_508",135.775,-34.942,258.95,7.756,0.192,46,-10.558,0.152,6.235,0.103,1.178,0.054,"NN",8,0.65,9.6,831,-157,-808,112,8536
"UPK_614",231.204,-53.967,324.337,2.387,0.192,41,-1.85,0.13,-4.488,0.079,1.098,0.045,"NN",8,0.36,9.76,893,725,-520,37,7632
"Stock_5",31.119,64.365,130.731,2.605,0.193,101,-0.729,0.14,-2.069,0.122,1.013,0.047,"NN",8.12,1.21,9.95,975,-636,738,44,9006
"Collinder_394",283.092,-20.229,14.869,-9.268,0.196,156,-1.459,0.184,-5.882,0.171,1.388,0.056,"NN",7.96,0.54,9.23,700,667,177,-112,7674
"UPK_119",308.572,43.326,81.987,1.872,0.197,24,-0.644,0.065,-1.96,0.066,1.274,0.028,"NN",9.19,0.71,9.42,765,106,757,24,8268
"UPK_33",280.046,-4.333,27.795,0.508,0.197,30,-0.124,0.152,-11.012,0.225,1.945,0.044,"NN",8.45,1.64,8.6,523,463,244,4,7880
"Lynga_2",216.085,-61.328,313.839,-0.44,0.198,147,-6.716,0.122,-4.696,0.145,1.034,0.049,"NN",8.01,0.79,9.93,970,672,-699,-7,7699
"UPK_645",270.167,-42.783,349.522,-9.513,0.198,59,2.797,0.169,-2.844,0.146,1.43,0.083,"NN",8.02,0.35,9.22,696,675,-124,-115,7665
"UBC_260",140.148,-69.885,286.542,-14.013,0.2,20,-7.755,0.137,8.005,0.268,1.78,0.043,"NN",8.37,0,8.79,572,158,-532,-138,8199
"UPK_220",350.955,66.505,114.361,5.118,0.202,195,-2.416,0.142,-2.584,0.139,1.009,0.054,"NN",8.04,2.16,9.98,990,-407,899,88,8793
"IC_2395",130.531,-48.09,266.58,-3.627,0.209,291,-4.464,0.237,3.293,0.296,1.379,0.087,"NN",7.31,0.51,9.23,702,-41,-699,-44,8410
"NGC_2358",109.261,-17.143,231.061,-2.269,0.21,83,-1.351,0.085,0.542,0.091,1.061,0.053,"NN",8.82,0.02,9.79,908,-570,-705,-35,8938
"UPK_237",5.352,65.495,119.828,2.812,0.212,95,-0.585,0.146,-3.732,0.177,1.329,0.057,"NN",8.18,1.72,9.4,758,-376,657,37,8741
"UBC_187",37.868,72.346,130.407,10.972,0.214,42,-1.664,0.131,-1.747,0.213,1.076,0.028,"manual",7.25,1,9.67,859,-546,642,163,8909
"BH_56",134.355,-43.181,264.47,1.548,0.215,109,-5.57,0.187,5.439,0.151,1.078,0.058,"NN",7.25,0.7,9.62,840,-81,-836,22,8462
"UPK_31",285.913,-8.51,26.691,-6.582,0.215,29,-0.28,0.13,1.216,0.109,1.823,0.071,"NN",8.7,0.61,8.65,537,477,240,-61,7866
"UPK_42",293.908,-3.653,34.707,-11.512,0.215,82,-0.452,0.141,-5.002,0.132,1.657,0.073,"NN",8.32,1.06,8.88,595,479,332,-118,7867
"ASCC_114",324.99,53.997,97.082,1.028,0.216,134,-3.716,0.11,-3.421,0.115,1.066,0.037,"NN",7.68,0.92,9.79,908,-111,901,16,8499
"NGC_225",10.805,61.774,121.96,-1.082,0.216,28,-5.373,0.11,-0.093,0.119,1.432,0.034,"NN",8.46,0.54,9.16,679,-359,576,-12,8718
"UPK_12",288.805,-22.143,15.337,-14.956,0.217,47,0.579,0.179,-6.68,0.182,1.541,0.085,"NN",8.3,0.22,8.99,628,585,160,-162,7756
"UPK_585",212.787,-75.872,307.818,-13.734,0.217,28,-6.81,0.142,-5.57,0.186,1.388,0.05,"NN",7.89,0.2,9.24,705,420,-541,-167,7938
"UPK_185",346.424,49.376,105.807,-9.937,0.221,109,2.636,0.158,-1.929,0.18,1.786,0.054,"NN",7.85,0.45,8.79,573,-153,543,-98,8511
"Alessi_8",232.408,-51.227,326.501,4.259,0.224,50,-5.899,0.22,-5.729,0.173,1.479,0.046,"NN",8.07,0.19,9.12,668,555,-367,49,7792
"COIN-Gaia_5",27.408,58.078,130.583,-3.927,0.224,21,-2.774,0.171,-0.511,0.096,1.063,0.081,"NN",8.04,0.45,9.8,912,-592,691,-62,8959
"NGC_6793",290.817,22.159,56.186,3.318,0.227,185,3.795,0.186,3.544,0.177,1.669,0.055,"NN",8.49,0.74,8.99,628,349,521,36,8007
"NGC_2546",123.082,-37.661,254.919,-2.009,0.229,122,-3.757,0.095,3.862,0.139,1.034,0.052,"NN",8.15,0.43,9.85,934,-242,-901,-32,8630
"IC_4651",261.212,-49.917,340.104,-7.902,0.23,806,-2.41,0.213,-5.064,0.202,1.056,0.063,"NN",9.22,0.42,9.96,982,915,-331,-135,7432
"Ferrero_11",93.646,0.637,208.131,-7.899,0.231,71,-3.013,0.149,-4.339,0.101,1.24,0.089,"NN",8.45,0.57,9.57,820,-716,-383,-112,9064
"UBC_207",83.848,-4.486,208.187,-18.95,0.232,55,1.086,0.199,0.555,0.474,2.544,0.07,"NN",7.18,0.88,7.89,378,-315,-169,-122,8657
"UPK_21",282.895,-15.15,19.397,-6.884,0.234,51,7.839,0.164,0.721,0.166,1.667,0.059,"NN",9.06,0.81,8.81,578,541,190,-69,7800
"Alessi_20",2.593,58.742,117.615,-3.705,0.235,119,8.195,0.293,-2.341,0.28,2.311,0.068,"NN",6.97,0.6,8.08,412,-190,364,-26,8538
"Collinder_338",264.483,-37.657,351.74,-3.236,0.242,63,2.546,0.15,-1.854,0.145,1.521,0.06,"NN",8.16,0.45,9.04,643,635,-92,-36,7704
"NGC_6087",244.721,-57.916,327.744,-5.417,0.246,227,-1.567,0.138,-2.411,0.148,1.025,0.062,"NN",8,0.39,9.9,954,803,-507,-90,7553
"UPK_613",226.276,-49.152,324.244,8.133,0.246,27,-4.566,0.14,-3.64,0.139,1.146,0.076,"NN",7.92,0.28,9.67,859,690,-497,121,7665
"UPK_94",304.778,27.618,67.348,-4.777,0.246,42,2.128,0.111,1.073,0.109,1.026,0.06,"NN",8.13,0.98,9.89,950,364,874,-79,8022
"NGC_1708",75.871,52.851,155.752,6.866,0.248,134,0.276,0.148,-1.36,0.128,1.029,0.065,"NN",8.43,1.02,9.93,967,-875,394,115,9224
"UPK_65",286.514,23.337,55.403,7.36,0.248,32,-1.84,0.104,-3.587,0.086,1.291,0.036,"NN",8.44,0.8,9.36,744,419,607,95,7944
"Alessi_1",13.343,49.536,123.255,-13.335,0.249,45,6.536,0.105,-6.245,0.204,1.39,0.057,"NN",9.16,0.08,9.19,689,-367,561,-159,8726
"Stephenson_1",283.568,36.899,66.908,15.365,0.249,83,1.11,0.198,-3.01,0.247,2.779,0.056,"NN",7.45,0.22,7.68,343,129,304,90,8215
"ASCC_115",329.28,51.558,97.528,-2.504,0.25,32,-0.549,0.068,-0.543,0.088,1.311,0.034,"NN",8.12,0.72,9.32,731,-95,724,-31,8466
"COIN-Gaia_30",21.08,70.574,125.684,7.878,0.254,90,-6.145,0.111,2.067,0.164,1.346,0.05,"NN",8.41,1.25,9.42,767,-443,617,105,8804
"UBC_19",56.336,29.827,162.215,-19.48,0.254,34,2.705,0.391,-5.17,0.16,2.385,0.082,"NN",6.84,0.7,8.1,416,-373,119,-138,8714
"NGC_7243",333.788,49.83,98.82,-5.582,0.255,291,0.433,0.176,-2.857,0.162,1.116,0.057,"NN",8.17,0.5,9.72,878,-134,864,-85,8518
"UPK_113",317.505,34.347,79.393,-9.209,0.255,35,2.169,0.137,-2.418,0.222,1.434,0.057,"NN",7.69,0.15,9.28,717,130,696,-114,8239
"Alessi_62",284.026,21.597,52.816,8.685,0.256,142,0.245,0.157,-1.074,0.178,1.591,0.064,"NN",8.84,0.78,9.07,650,388,512,98,7967
"UPK_17",279.741,-15.034,18.127,-4.114,0.256,87,0.894,0.167,-7.856,0.233,1.479,0.048,"NN",8.73,1.38,9.31,726,688,225,-52,7654
"Alessi_Teutsch_11",304.127,52.051,87.435,9.268,0.257,110,-0.139,0.163,-1.295,0.151,1.52,0.051,"NN",8.16,0.37,9.01,634,28,625,102,8335
"NGC_5460",211.847,-48.285,315.754,12.686,0.258,148,-6.599,0.17,-3.454,0.191,1.34,0.058,"NN",8.2,0.3,9.3,725,506,-493,159,7848
"NGC_2422",114.147,-14.489,230.964,3.128,0.259,416,-7.057,0.259,0.993,0.247,2.07,0.066,"NN",8.04,0.18,8.52,504,-317,-391,27,8666
"NGC_6281",256.179,-37.948,347.764,1.99,0.259,497,-1.856,0.297,-4.017,0.236,1.873,0.08,"NN",8.71,0.3,8.66,539,527,-114,18,7813
"UPK_55",296.812,10.428,48.675,-7.348,0.259,46,-1.383,0.098,-6.87,0.089,1.252,0.04,"NN",8.33,0.54,9.43,769,504,573,-98,7856
"UPK_312",68.037,56.066,150.32,5.42,0.26,29,0.179,0.059,-0.73,0.083,1.406,0.037,"NN",8.68,0.54,9.29,720,-623,355,68,8970
"IC_4725",277.937,-19.114,13.701,-4.425,0.261,461,-1.688,0.208,-6.117,0.242,1.514,0.062,"NN",8.05,0.84,9.22,698,676,164,-53,7665
"NGC_2323",105.684,-8.365,221.66,-1.315,0.263,773,-0.688,0.271,-0.611,0.2,0.997,0.057,"NN",8.12,0.46,9.96,983,-734,-653,-22,9098
"UPK_4",281.361,-23.764,10.947,-9.381,0.263,75,-2.009,0.117,-6.373,0.127,1.239,0.057,"NN",8.44,1.04,9.59,829,803,155,-135,7538
"NGC_1582",67.985,43.718,159.357,-3.019,0.264,147,2.216,0.182,-1.347,0.13,0.994,0.059,"NN",8.37,0.82,9.99,994,-929,350,-52,9276
"COIN-Gaia_9",47.748,48.023,145.694,-8.585,0.265,22,-1.934,0.111,-2.81,0.119,1.119,0.064,"NN",8.2,0.57,9.68,864,-706,481,-129,9059
"Alessi_10",301.233,-10.555,31.597,-21.058,0.266,70,1.469,0.208,-7.879,0.241,2.233,0.075,"NN",7.96,0.33,8.36,469,373,229,-168,7969
"NGC_2423",114.299,-13.863,230.487,3.561,0.268,406,-0.735,0.124,-3.632,0.149,1.045,0.051,"NN",9.04,0.36,9.87,943,-599,-726,58,8968
"UPK_626",239.788,-50.381,330.689,2.059,0.269,39,-7.334,0.231,-5.69,0.184,1.962,0.08,"NN",8.33,0.48,8.53,507,442,-248,18,7901
"UPK_84",310.245,20.212,64.076,-13.121,0.27,69,-6.258,0.113,-9.248,0.086,1.08,0.047,"NN",9,0.31,9.88,944,401,826,-214,7980
"UPK_398",85.994,7.021,198.782,-11.552,0.272,44,-3.315,0.199,-1.714,0.165,2.176,0.169,"NN",7.03,0.38,8.26,448,-416,-141,-89,8757
"UPK_219",351.854,65.31,114.325,3.861,0.273,27,-1.734,0.05,-2.459,0.115,1.21,0.04,"NN",8.17,1.2,9.71,873,-358,794,58,8735
"COIN-Gaia_23",87.449,27.008,182.127,-0.209,0.275,91,-0.318,0.156,-0.928,0.132,1.032,0.077,"NN",8.11,0.54,9.86,937,-937,-34,-3,9277
"NGC_6405",265.069,-32.242,356.584,-0.76,0.275,573,-1.306,0.341,-5.847,0.342,2.172,0.095,"NN",7.54,0.49,8.31,459,459,-27,-6,7880
"Trumpler_3",48.004,63.218,138.014,4.54,0.276,211,-3.354,0.168,-0.112,0.126,1.461,0.056,"NN",7.67,0.69,9.21,693,-514,462,54,8866
"Stock_7",37.431,60.627,134.701,0.02,0.279,129,-3.496,0.162,0.484,0.229,1.441,0.053,"NN",7.86,1.46,9.25,708,-498,503,0,8852
"UPK_604",224.4,-59.75,318.243,-0.703,0.281,43,-4.535,0.124,-3.678,0.223,1.305,0.056,"NN",7.63,1,9.24,703,524,-468,-8,7829
"NGC_2547",122.525,-49.198,264.446,-8.595,0.283,215,-8.609,0.283,4.262,0.28,2.553,0.071,"NN",7.51,0.14,7.99,396,-37,-390,-59,8387
"NGC_1342",52.894,37.38,154.94,-15.347,0.289,327,0.52,0.233,-1.604,0.195,1.502,0.056,"NN",8.91,0.71,9.18,686,-599,280,-181,8944
"Alessi_43",132.631,-41.738,262.546,1.501,0.29,284,-5.546,0.318,3.869,0.342,1.032,0.082,"NN",7.06,0.99,9.81,917,-119,-909,24,8507
"NGC_1545",65.202,50.221,153.366,0.145,0.29,117,-1.957,0.159,-0.082,0.126,1.367,0.065,"NN",8.04,0.77,9.32,732,-654,328,1,9000
"UPK_66",305.39,13.509,55.778,-13.021,0.29,37,0.496,0.116,-9.95,0.139,1.459,0.047,"NN",8.17,0.26,9.12,666,365,536,-150,7992
"COIN-Gaia_25",91.691,20.276,189.899,-0.211,0.291,83,-0.499,0.152,-2.595,0.124,1.201,0.072,"NN",8.75,0.38,9.58,824,-812,-141,-3,9153
"Pismis_4",128.79,-44.407,262.916,-2.353,0.291,98,-8.236,0.166,5.337,0.145,1.414,0.04,"NN",8.08,0.18,9.21,695,-85,-689,-28,8453
"NGC_6025",240.779,-60.43,324.536,-5.869,0.292,286,-2.901,0.175,-3.035,0.169,1.269,0.056,"NN",8.02,0.43,9.38,750,608,-433,-76,7743
"NGC_6494",269.237,-18.987,9.878,2.858,0.292,724,0.284,0.22,-1.809,0.22,1.354,0.062,"NN",8.58,0.91,9.35,742,730,127,37,7610
"Alessi_6",220.058,-66.127,313.643,-5.544,0.294,164,-10.472,0.15,-5.559,0.163,1.1,0.057,"NN",8.63,0.7,9.74,886,608,-638,-85,7757
"UPK_445",92.385,-15.03,221.97,-15.954,0.294,58,-2.634,0.218,1.377,0.225,1.467,0.078,"NN",7.11,0.7,9.11,663,-474,-426,-182,8824
"UPK_137",306.015,54.152,89.85,9.486,0.295,24,-2.289,0.094,-6.064,0.073,1.166,0.038,"NN",7.71,0.35,9.54,809,2,798,133,8376
"IC_1396",324.745,57.514,99.309,3.755,0.297,403,-2.355,0.398,-4.495,0.362,1.066,0.076,"NN",7.08,1.59,9.79,905,-146,891,59,8532
"Alessi_Teutsch_8",180.649,-60.935,297.033,1.376,0.298,319,-6.625,0.136,1.63,0.136,0.967,0.049,"NN",8.07,0.49,9.98,989,449,-881,23,7939
"NGC_2184",91.69,-2,209.592,-10.848,0.3,93,-0.648,0.198,-0.288,0.281,1.709,0.071,"NN",8.81,0.48,8.85,589,-503,-285,-110,8847
"UPK_26",283.438,-9.847,24.413,-4.976,0.303,42,0.062,0.09,-4.419,0.088,1.108,0.036,"NN",7.86,0.59,9.66,855,775,352,-74,7572
"COIN-Gaia_12",79.209,41.708,166.113,2.112,0.306,67,2.616,0.129,-4.681,0.092,1.03,0.051,"NN",8.73,0.16,9.9,954,-926,228,35,9268
"UPK_654",277.329,-34.528,277.329,-34.528,0.308,60,1.165,0.26,-8.67,0.162,1.97,0.083,"NN",7.9,0.16,8.58,519,54,-424,-294,8296
"ASCC_11",53.056,44.856,150.546,-9.224,0.312,245,0.926,0.163,-3.03,0.147,1.141,0.061,"NN",8.39,0.6,9.69,867,-745,421,-139,9095
"COIN-Gaia_8",39.048,50.013,139.64,-9.43,0.312,28,2.51,0.11,-2.499,0.11,1.359,0.039,"NN",8,0.37,9.29,722,-542,461,-118,8894
"UPK_433",103.455,-5.729,218.274,-2.124,0.313,46,-0.783,0.138,-2.527,0.12,1.248,0.034,"NN",8.26,0.25,9.48,787,-617,-487,-29,8970
"UPK_452",110.203,-11.712,226.677,1.149,0.316,28,-5.757,0.166,3.191,0.169,1.567,0.108,"NN",8.22,0.28,9.02,636,-436,-462,12,8788
"ASCC_23",95.047,46.71,167.472,14.416,0.319,120,1.098,0.179,-0.598,0.182,1.594,0.061,"NN",8.37,0.34,9,630,-595,132,156,8936
"NGC_2168",92.272,24.336,186.609,2.23,0.319,1247,2.308,0.239,-2.905,0.235,1.131,0.064,"NN",8.17,0.46,9.79,906,-899,-104,35,9240
"Trumpler_2",39.232,55.905,137.386,-3.977,0.323,154,1.583,0.192,-5.352,0.167,1.431,0.058,"NN",8.05,0.86,9.26,710,-521,479,-49,8874
"Haffner_13",115.209,-30.073,245.035,-3.656,0.327,197,-6.184,0.26,5.879,0.193,1.742,0.074,"NN",7.31,0,8.75,562,-236,-508,-35,8591
"NGC_5662",218.734,-56.64,316.842,3.411,0.33,238,-6.427,0.16,-7.243,0.187,1.288,0.048,"NN",8.3,0.6,9.41,761,554,-519,45,7802
"Ruprecht_145",282.636,-18.27,16.464,-8.027,0.33,219,8.329,0.321,-4.08,0.282,1.651,0.069,"NN",8.91,0.55,9,629,597,176,-87,7744
"Alessi_31",267.698,-11.853,15.339,7.709,0.331,165,-1.164,0.225,-4.122,0.206,1.477,0.072,"NN",8.38,1.75,9.26,712,680,186,95,7661
"NGC_2287",101.499,-20.716,230.98,-10.432,0.332,625,-4.339,0.178,-1.381,0.199,1.36,0.057,"NN",8.23,0.02,9.19,688,-426,-526,-124,8782
"UPK_5",273.304,-18.308,12.346,-0.177,0.332,71,0.659,0.252,-8.387,0.318,1.786,0.065,"NN",8.29,0.27,8.84,587,573,125,-1,7767
"COIN-Gaia_11",68.11,39.479,162.538,-5.834,0.336,75,3.574,0.155,-5.62,0.131,1.485,0.046,"manual",8.9,1.25,9.13,669,-635,199,-68,8977
"Loden_1194",212.006,-59.786,312.436,1.665,0.336,62,-7.762,0.171,-4.667,0.202,1.329,0.053,"manual",8.4,0.46,9.19,688,464,-508,20,7891
"UPK_265",31.915,65.449,130.719,3.751,0.34,46,-0.518,0.114,-0.412,0.121,1.131,0.051,"NN",7.94,1.36,9.75,889,-579,672,58,8944
"UPK_54",286.157,15.689,48.425,4.221,0.342,107,-0.558,0.151,-5.854,0.141,1.172,0.064,"NN",8.07,0.94,9.53,807,534,602,59,7829
"UPK_53",288.544,14.392,48.351,1.591,0.345,105,2.441,0.169,1.086,0.12,1.661,0.056,"NN",8.66,0.98,8.97,621,412,464,17,7940
"ASCC_87",255.658,-28.421,355.125,8.093,0.347,45,-1.18,0.146,-3.814,0.116,1.27,0.065,"NN",7.92,0.57,9.45,774,764,-65,109,7575
"UPK_385",75.647,13.02,187.976,-17.005,0.351,44,1.809,0.37,-3.484,0.26,3.133,0.122,"NN",7.07,0.87,7.54,321,-304,-42,-94,8644
"Harvard_10",244.859,-54.957,329.885,-3.365,0.354,153,-1.919,0.188,-10.577,0.167,1.418,0.059,"NN",8.3,0.45,9.28,716,618,-358,-42,7729
"ASCC_85",251.853,-45.555,339.815,-0.259,0.357,105,0.17,0.124,-4.102,0.138,1.119,0.058,"NN",7.85,0.56,9.59,829,778,-286,-3,7567
"COIN-Gaia_1",11.933,66.769,122.566,3.9,0.357,78,-5.034,0.122,-3.048,0.108,1.546,0.042,"NN",8.26,1.13,9.09,658,-353,554,44,8711
"NGC_6633",276.845,6.615,36.122,8.347,0.36,149,1.198,0.325,-1.811,0.297,2.525,0.073,"manual",8.84,0.3,8.14,424,339,247,61,8004
"UPK_46",294.707,-1.363,37.18,-11.134,0.362,45,0.094,0.179,-8.631,0.298,1.47,0.093,"NN",8.19,0.64,9.2,693,541,411,-133,7808
"Gulliver_21",106.961,-25.462,237.519,-7.965,0.364,121,-1.929,0.118,4.205,0.141,1.504,0.05,"NN",8.44,0.13,9.13,670,-356,-560,-92,8714
"UPK_169",326.718,59.915,101.6,4.776,0.365,52,-2.004,0.092,-2.4,0.124,1.155,0.027,"NN",7.14,1.47,9.78,904,-181,882,75,8566
"NGC_5822",226.051,-54.366,321.57,3.63,0.368,634,-7.422,0.222,-5.534,0.205,1.187,0.05,"NN",8.96,0.39,9.66,854,668,-530,54,7689
"NGC_2548",123.412,-5.726,227.842,15.39,0.369,454,-1.313,0.194,1.029,0.178,1.289,0.065,"NN",8.59,0.15,9.44,772,-500,-552,205,8857
"UPK_79",303.989,21.447,61.841,-7.578,0.37,38,-2.151,0.134,-5.426,0.099,1.072,0.045,"NN",8.24,0.24,9.82,922,431,806,-121,7949
"ASCC_101",288.399,36.369,68.028,11.608,0.372,69,0.934,0.205,1.288,0.258,2.488,0.057,"NN",8.69,0.19,8.08,412,151,374,83,8197
"ASCC_88",256.886,-35.564,350.01,2.973,0.372,121,0.919,0.164,-3.282,0.142,1.097,0.06,"NN",8.39,1.45,9.85,931,916,-161,48,7425
"BH_23",123.449,-36.329,253.969,-1.03,0.372,86,-7.101,0.258,7.35,0.154,2.257,0.103,"NN",7.46,0,8.32,462,-127,-444,-8,8479
"ASCC_16",81.198,1.655,201.139,-18.373,0.376,175,1.355,0.265,-0.015,0.248,2.838,0.104,"NN",7.13,0.2,7.69,344,-305,-118,-108,8646
"Ruprecht_161",152.4,-61.259,284.698,-4.255,0.377,76,-10.391,0.122,3.742,0.196,1.086,0.036,"NN",8.02,0.33,9.78,903,228,-871,-67,8158
"Roslund_5",302.641,33.751,71.451,0.166,0.378,151,1.981,0.216,-1.164,0.147,1.831,0.06,"NN",7.99,0.35,8.69,546,173,517,1,8182
"UPK_230",353.465,71.788,116.901,9.758,0.38,28,4.892,0.083,-0.809,0.173,1.841,0.05,"NN",7.86,0.93,8.74,558,-249,490,94,8603
"UBC_5",238.548,-47.74,331.799,4.625,0.382,29,-6.695,0.112,-4.225,0.09,1.785,0.013,"NN",8.3,0.26,8.71,551,484,-259,44,7859
"UPK_644",249.155,-31.418,349.185,10.57,0.384,82,-3.846,0.219,-3.458,0.185,1.313,0.083,"NN",8.23,0.34,9.36,743,717,-137,136,7623
"ASCC_90",264.777,-34.874,354.224,-1.954,0.388,58,-1.63,0.162,-2.681,0.206,1.713,0.054,"NN",8.91,0.32,8.73,557,554,-56,-19,7785
"UPK_93",300.324,29.971,67.207,-0.195,0.396,63,-0.863,0.13,-8.206,0.183,1.414,0.103,"NN",8.71,0.32,9.2,692,268,637,-2,8097
"NGC_6124",246.332,-40.661,340.735,6.012,0.401,1273,-0.203,0.374,-2.094,0.352,1.557,0.073,"NN",8.28,1.93,9.08,654,614,-214,68,7728
"UPK_20",281.145,-14.456,19.257,-5.037,0.401,64,3.336,0.192,1.145,0.193,2.105,0.064,"NN",9.33,0.96,8.47,494,465,162,-43,7876
"NGC_1039",40.531,42.722,143.682,-15.646,0.403,555,0.722,0.292,-5.681,0.325,1.949,0.105,"NN",8.12,0.16,8.64,534,-414,304,-144,8759
"Stock_12",353.923,52.685,111.459,-8.491,0.403,107,8.527,0.203,-1.846,0.151,2.261,0.055,"NN",8.05,0.29,8.29,454,-164,418,-67,8514
"UPK_429",108.961,-0.875,216.494,5.018,0.404,131,-2.045,0.17,0.071,0.121,1.122,0.081,"NN",8.15,0.09,9.78,904,-724,-535,79,9079
"NGC_2527",121.246,-28.122,246.069,1.872,0.408,340,-5.549,0.229,7.275,0.212,1.536,0.07,"NN",8.84,0.36,9.11,664,-269,-607,21,8630
"ASCC_21",82.179,3.527,199.938,-16.598,0.41,90,1.404,0.263,-0.632,0.238,2.866,0.131,"NN",6.95,0.1,7.66,341,-307,-111,-97,8647
"UPK_333",61.771,44.094,155.823,-5.823,0.412,54,2.491,0.215,-6.466,0.242,1.348,0.068,"NN",8.88,0.74,9.25,706,-641,288,-71,8986
"UPK_51",314.073,-6.588,41.797,-30.795,0.413,52,5.068,0.251,2.018,0.224,1.757,0.1,"NN",8.03,0.06,8.82,581,372,332,-297,7974
"Teutsch_35",294.091,35.742,69.565,7.218,0.414,143,-0.683,0.188,-2.439,0.191,2.007,0.057,"NN",8.01,0,8.54,509,176,473,64,8177
"UPK_418",112.48,5.605,212.311,11.062,0.416,18,-2.646,0.197,-0.983,0.578,1.111,0.053,"NN",7.8,0.01,9.83,922,-765,-484,177,9118
"NGC_1647",71.481,19.079,180.368,-16.792,0.417,604,-1.057,0.253,-1.502,0.236,1.675,0.076,"NN",8.56,0.64,9.02,635,-608,-3,-183,8948
"NGC_2281",102.091,41.06,174.925,16.889,0.417,410,-2.946,0.274,-8.321,0.257,1.896,0.089,"NN",8.79,0.09,8.68,544,-518,46,158,8858
"NGC_1750",75.926,23.695,179.119,-10.713,0.419,417,-0.96,0.246,-2.366,0.201,1.361,0.09,"NN",8.41,0.79,9.31,727,-715,10,-135,9055
"UPK_621",237.093,-54.403,326.936,-0.026,0.42,49,-2.48,0.107,-3.105,0.114,1.122,0.037,"NN",7.42,0.66,9.63,842,706,-459,0,7647
"Alessi_37",341.961,46.342,101.732,-11.38,0.423,133,0.351,0.135,-1.569,0.129,1.384,0.066,"NN",8.14,0.47,9.21,695,-138,667,-137,8504
"UPK_82",298.285,26.379,63.224,-0.523,0.425,83,2.358,0.203,-2.138,0.113,1.842,0.052,"NN",7.91,0.38,8.72,554,249,495,-5,8105
"UBC_8",84.519,57.124,154.908,13.352,0.426,103,-3.149,0.143,-3.989,0.153,2.052,0.041,"NN",8.7,0.79,8.49,497,-438,205,114,8781
"Alessi_Teutsch_5",332.218,61.103,104.536,4.179,0.427,127,-1.895,0.489,-3.207,0.232,1.111,0.062,"NN",7.27,1.02,9.79,907,-227,876,66,8611
"UPK_143",319.134,49.942,91.723,0.56,0.43,110,1.066,0.142,-2.434,0.143,1.121,0.05,"NN",8.41,2,9.8,912,-27,912,8,8417
"UBC_9",276.544,26.432,54.469,16.897,0.437,25,0.651,0.144,-5.404,0.136,2.869,0.038,"NN",7.42,0.15,7.74,353,196,275,102,8148
"UPK_80",293.914,28.16,62.757,3.755,0.45,33,1.217,0.116,-1.024,0.112,1.127,0.039,"NN",8.58,0.44,9.77,899,410,797,58,7969
"UPK_587",200.909,-49.907,308.317,12.648,0.459,41,-8.828,0.157,-2.618,0.18,1.112,0.041,"NN",8.07,0.14,9.77,900,544,-689,197,7825
"UBC_12",126.027,-8.405,231.616,16.244,0.463,19,-8.301,0.138,4.131,0.187,2.219,0.054,"NN",8.37,0.23,8.32,461,-275,-347,129,8622
"Alessi_24",260.764,-62.693,328.984,-14.572,0.466,156,-0.488,0.22,-8.999,0.186,2.059,0.067,"NN",7.86,0.34,8.5,502,416,-250,-126,7927
"Alessi_21",107.69,-9.363,223.457,-0.014,0.467,113,-5.475,0.194,2.602,0.162,1.72,0.07,"NN",7.82,0.29,8.85,587,-426,-404,0,8776
"UPK_629",255.222,-55.976,332.882,-8.509,0.473,40,0.791,0.106,-3.782,0.145,1.059,0.046,"NN",8.72,0.36,9.88,945,831,-426,-139,7520
"UPK_624",254.138,-60.422,329.053,-10.625,0.479,40,-1.422,0.218,-14.336,0.391,3.13,0.161,"NN",7.6,0.5,7.51,317,267,-160,-58,8074
"NGC_752",29.223,37.794,136.959,-23.289,0.485,223,9.81,0.272,-11.713,0.266,2.239,0.071,"NN",9.07,0.07,8.42,483,-324,303,-191,8669
"Platais_10",205.22,-59.271,309.22,2.996,0.485,20,-30.591,0.475,-10.215,0.419,4.158,0.099,"NN",8.04,0.22,6.91,240,152,-186,12,8190
"Alessi_Teutsch_12",255.421,-58.981,330.635,-10.337,0.489,41,-2.134,0.168,-8.952,0.124,1.632,0.057,"NN",7.94,0.35,9.03,641,549,-309,-115,7796
"UPK_562",165.861,-56.978,288.593,2.859,0.489,67,-11.688,0.162,4.876,0.24,1.199,0.056,"NN",7.99,0.37,9.52,802,255,-759,40,8120
"Alessi_Teutsch_3",118.228,-53.022,266.426,-12.849,0.491,87,-5.378,0.161,8.926,0.18,1.417,0.046,"NN",8.02,0.47,9.2,693,-42,-674,-154,8409
"Aveni_Hunter_1",354.175,48.205,110.284,-12.823,0.496,82,-0.184,0.324,-2.087,0.451,2.348,0.107,"NN",7.02,0.75,8.03,402,-136,368,-89,8484
"NGC_2516",119.527,-60.8,273.861,-15.873,0.496,652,-4.748,0.441,11.221,0.345,2.417,0.045,"NN",8.38,0.11,8.14,423,27,-406,-115,8322
"UPK_627",245.354,-53.089,331.38,-2.35,0.496,42,-2.447,0.182,-10.05,0.182,1.873,0.064,"NN",8.67,0.22,8.64,533,468,-255,-21,7875
"UPK_155",311.731,60.867,97.169,10.881,0.499,42,-2.255,0.119,-3.856,0.192,1.096,0.047,"NN",8.33,0.69,9.62,838,-102,817,158,8482
"IC_4665",266.554,5.615,30.514,17.055,0.506,167,-0.909,0.28,-8.52,0.283,2.868,0.129,"NN",7.52,0.45,7.75,354,292,172,104,8049
"NGC_3228",155.378,-51.814,280.763,4.486,0.512,117,-14.867,0.298,-0.696,0.242,2.036,0.074,"NN",7.48,0.08,8.49,498,92,-488,38,8261
"UBC_10a",324.652,62.206,102.416,7.285,0.512,43,-2.131,0.1,-3.031,0.118,1.075,0.016,"NN",7.15,0.89,9.71,873,-186,846,110,8568
"ASCC_128",349.949,54.435,109.77,-6.078,0.513,68,1.236,0.139,0.186,0.114,1.509,0.058,"NN",8.4,0.41,9.13,669,-225,626,-70,8587
"NGC_2232",96.888,-4.749,214.458,-7.471,0.516,188,-4.745,0.291,-1.84,0.252,3.067,0.099,"NN",7.25,0.01,7.49,315,-257,-176,-40,8599
"Gulliver_6",83.278,-1.652,205.246,-18.138,0.517,318,-0.007,0.39,-0.207,0.365,2.367,0.109,"NN",7.22,0.25,8.03,403,-346,-163,-125,8688
"UPK_642",263.081,-44.242,345.604,-5.865,0.525,31,2.317,0.108,-4.331,0.106,1.025,0.061,"NN",8.22,0.27,9.81,917,883,-226,-93,7459
"ASCC_113",317.933,38.638,82.877,-6.589,0.529,175,0.8,0.125,-3.679,0.163,1.762,0.041,"NN",8.46,0.13,8.75,563,69,555,-64,8289
"IC_4756",279.649,5.435,36.322,5.325,0.534,466,1.26,0.254,-4.927,0.263,2.093,0.075,"NN",9.11,0.29,8.53,506,406,299,47,7938
"UBC_17b",83.195,-1.585,205.142,-18.179,0.534,103,0.078,0.143,-0.163,0.269,2.376,0.045,"NN",7.06,0.05,8.05,408,-350,-164,-127,8692
"NGC_3532",166.417,-58.707,289.554,1.39,0.536,1854,-10.385,0.396,5.175,0.404,2.066,0.062,"NN",8.6,0,8.49,498,166,-469,12,8186
"ASCC_108",298.306,39.349,74.378,6.074,0.537,188,-0.519,0.099,-1.69,0.129,0.838,0.048,"NN",8.03,0.34,10.32,1160,310,1110,122,8105
"ASCC_111",302.891,37.515,74.714,2.056,0.537,136,-1.15,0.151,-1.524,0.154,1.166,0.059,"NN",8.44,0.39,9.65,851,224,820,30,8157
"BH_99",159.553,-59.168,286.585,-0.592,0.537,371,-14.494,0.289,0.919,0.307,2.225,0.076,"NN",7.98,0.34,8.35,467,133,-447,-4,8218
"Stock_10",84.808,37.85,171.714,3.556,0.541,142,-3.114,0.265,-0.464,0.246,2.759,0.086,"NN",7.91,0.44,7.86,373,-368,53,23,8708
"Alessi_5",160.819,-61.081,288.058,-1.966,0.542,297,-15.411,0.324,2.503,0.348,2.501,0.065,"NN",7.83,0.62,8.14,424,131,-402,-14,8218
"UPK_436",100.18,-8.126,218.99,-6.028,0.544,98,-4.119,0.175,0.635,0.175,1.157,0.083,"NN",7.41,0.23,9.64,845,-653,-528,-88,9009
"UPK_542",134.258,-54.303,272.821,-5.815,0.544,33,-4.897,0.131,2.508,0.14,1.198,0.055,"manual",8.8,0.49,9.54,808,39,-802,-81,8339
"UBC_2",5.584,46.532,117.731,-16.046,0.547,23,-6.374,0.091,-5.022,0.081,1.754,0.046,"NN",8.3,0.18,8.72,555,-248,472,-153,8601
"Alessi_2",71.602,55.199,152.333,6.365,0.554,159,-0.904,0.141,-1.046,0.115,1.589,0.07,"NN",8.55,0.52,9.09,657,-578,303,72,8923
"Gulliver_28",293.559,18.059,53.813,-0.902,0.555,57,-4.485,0.158,-3.4,0.136,1.581,0.065,"NN",8.53,0.97,9.01,634,374,512,-9,7981
"NGC_6991",313.621,47.4,87.35,1.578,0.555,243,5.593,0.299,8.509,0.223,1.765,0.053,"NN",9.19,0.2,8.81,577,26,576,15,8333
"ASCC_10",51.87,34.981,155.723,-17.77,0.558,65,-1.737,0.159,-1.368,0.143,1.459,0.1,"NN",8.42,0.63,9.1,660,-573,258,-201,8917
"UPK_99",312.427,25.488,69.721,-11.648,0.564,15,0.422,0.089,-8.02,0.181,1.291,0.087,"NN",8.2,0.28,9.41,763,259,701,-154,8111
"Collinder_140",110.882,-31.966,244.943,-7.818,0.568,124,-8.074,0.277,4.789,0.258,2.594,0.105,"NN",7.43,0,7.95,388,-162,-348,-52,8510
"UPK_136",322.841,43.441,88.774,-5.843,0.573,56,0.012,0.171,-0.591,0.095,1.533,0.081,"NN",8.06,0.31,8.99,626,13,623,-63,8349
"UPK_379",94.071,30.794,181.658,6.684,0.577,37,-0.968,0.098,-4.325,0.105,1.284,0.122,"NN",8.66,0.69,9.44,772,-766,-22,89,9106
"UPK_470",108.394,-19.495,232.71,-4.079,0.577,115,-4.819,0.185,4.224,0.135,0.963,0.066,"NN",7.62,0.37,9.92,965,-583,-766,-68,8956
"UPK_567",161.029,-67.524,291.158,-7.554,0.577,88,-6.374,0.114,0.109,0.256,1.538,0.057,"NN",8.53,0.47,9.05,645,231,-596,-84,8130
"UPK_150",319.474,54.516,95.084,3.637,0.583,67,-4.243,0.134,-3.975,0.118,0.996,0.038,"NN",7.41,1.92,10.07,1031,-91,1025,65,8493
"UPK_381",95.506,29.107,183.686,7.074,0.583,53,0.437,0.133,-2.987,0.107,1.378,0.085,"NN",8.46,0.23,9.26,712,-705,-45,87,9045
"UPK_431",108.234,-2.635,217.764,3.525,0.583,75,-2.46,0.131,0.76,0.113,1.346,0.059,"NN",8.78,0,9.42,765,-604,-468,47,8956
"UPK_25",267.878,-2.779,23.409,11.957,0.588,21,-0.346,0.086,0.218,0.123,1.584,0.037,"NN",8.55,1.38,8.89,599,538,233,124,7804
"UPK_594",219.173,-67.975,312.562,-7.099,0.591,39,-1.9,0.134,-3.118,0.106,1.029,0.038,"NN",8.18,0.81,9.86,936,628,-684,-115,7741
"ASCC_58",153.657,-55.001,281.671,1.263,0.592,133,-13.276,0.21,2.786,0.271,2.06,0.055,"NN",7.72,0.25,8.46,491,99,-480,10,8254
"UBC_7",106.786,-37.729,248.742,-13.345,0.593,77,-9.703,0.199,6.982,0.216,3.558,0.064,"manual",7.5,0.1,7.21,276,-97,-250,-63,8441
"Alessi_19",274.741,12.311,40.403,12.71,0.595,60,-1.005,0.223,-7.073,0.185,1.71,0.06,"NN",7.41,0.31,8.79,573,425,362,126,7922
"NGC_1662",72.198,10.882,187.795,-21.077,0.602,231,-1.128,0.225,-1.962,0.229,2.4,0.096,"NN",8.89,0.44,8.16,428,-396,-54,-154,8736
"ASCC_19",81.982,-1.987,204.914,-19.438,0.605,149,1.152,0.252,-1.234,0.219,2.768,0.089,"NN",7.02,0.13,7.7,346,-296,-137,-115,8637
"UPK_467",121.237,-11.42,231.875,10.661,0.605,106,-6.968,0.301,-1.662,0.186,1.692,0.1,"NN",8.07,0.13,8.81,579,-351,-447,107,8702
"Collinder_463",27.031,71.738,127.391,9.358,0.608,404,-1.715,0.124,-0.307,0.148,1.137,0.042,"NN",8.06,0.79,9.65,849,-508,665,138,8874
"ASCC_13",78.255,44.417,163.502,3.122,0.609,85,-0.473,0.097,-1.743,0.111,0.898,0.067,"NN",7.5,0.7,10.24,1115,-1067,316,60,9412
"Teutsch_38",131.523,-38.025,259.122,3.175,0.615,100,-8.636,0.211,3.669,0.18,1.502,0.058,"NN",7.57,0.01,9.14,671,-126,-658,37,8492
"RSG_1",75.508,37.475,167.817,-2.699,0.621,98,0.77,0.34,-12.33,0.316,3.001,0.087,"NN",8.09,0.53,7.71,347,-339,73,-16,8680
"NGC_2451B",116.128,-37.954,252.309,-6.856,0.625,283,-9.671,0.409,4.702,0.281,2.719,0.095,"NN",7.61,0.18,7.79,361,-108,-341,-43,8455
"Pozzo_1",122.374,-47.335,262.798,-7.691,0.625,341,-6.516,0.27,9.53,0.391,2.853,0.102,"NN",6.98,0.07,7.6,330,-41,-325,-44,8387
"ASCC_127",347.205,64.974,112.349,4.232,0.627,117,7.474,0.26,-1.745,0.263,2.633,0.081,"NN",7.26,0.43,7.88,376,-142,347,27,8490
"LP_5",156.138,-72.51,292.315,-12.738,0.627,342,-6.89,0.099,1.462,0.201,0.51,0.036,"NN",9.43,0.27,11.32,1840,681,-1660,-405,7836
"BH_164",222.311,-66.465,314.323,-6.235,0.639,204,-7.368,0.335,-10.714,0.281,2.364,0.078,"NN",7.51,0.17,8.21,438,304,-311,-47,8041
"UPK_180",339.051,56.771,105.228,-1.337,0.639,62,-0.594,0.234,0.325,0.171,1.166,0.042,"NN",8.39,0.56,9.63,843,-221,813,-19,8600
"UPK_552",158.509,-47.263,280.104,9.484,0.639,44,-22.634,0.473,6.34,0.353,3.056,0.093,"NN",8.07,0,7.56,324,56,-315,53,8289
"UPK_108",315.551,29.997,74.965,-11.006,0.641,28,1.073,0.085,-4.748,0.092,1.173,0.037,"NN",7.61,0.27,9.57,820,208,777,-156,8168
"ASCC_99",282.17,-18.488,16.07,-7.727,0.643,63,5.188,0.349,-1.311,0.455,3.367,0.106,"NN",8.55,0.47,7.28,285,271,78,-38,8068
"UPK_606",216.12,-46.39,319.175,13.627,0.646,63,-20.156,0.614,-16.704,0.502,5.877,0.167,"tooRed","---","---","---","---","---","---","---","---"
"ASCC_105",295.548,27.366,62.825,2.063,0.648,113,1.464,0.162,-1.635,0.145,1.783,0.065,"NN",7.87,0.41,8.77,567,259,504,20,8096
"NGC_1901",79.561,-68.294,278.854,-33.631,0.652,69,1.537,0.234,12.67,0.242,2.358,0.052,"NN",8.95,0.21,8.15,427,54,-351,-236,8292
"Ruprecht_147",289.087,-16.333,20.93,-12.76,0.652,169,-0.939,0.445,-26.576,0.581,3.25,0.103,"NN",9.48,0.06,7.55,323,294,112,-71,8046
"ASCC_32",105.714,-26.512,237.976,-9.433,0.656,186,-3.307,0.181,3.477,0.127,1.23,0.062,"NN",7.4,0.26,9.53,805,-421,-673,-132,8787
"UBC_1",287.87,56.801,87.496,19.816,0.665,47,-2.579,0.242,3.649,0.26,3.049,0.03,"NN",7.84,0.35,7.57,326,13,306,110,8332
"UPK_40",292.631,-6.882,31.222,-11.616,0.676,35,0.294,0.119,-9.12,0.202,1.522,0.06,"NN",8.73,0.69,9.12,666,558,338,-134,7788
"ASCC_41",116.674,0.137,219.206,12.333,0.679,123,0.646,0.241,-3.99,0.221,3.352,0.117,"NN",8.33,0,7.39,300,-227,-185,64,8569
"Gulliver_29",256.745,-35.205,350.23,3.28,0.679,342,1.325,0.161,-2.206,0.174,0.905,0.061,"NN",7.03,1.02,10.36,1180,1161,-199,67,7181
"Alessi_12",310.875,23.871,67.488,-11.405,0.682,307,4.303,0.233,-4.639,0.18,1.816,0.088,"NN",8.13,0.1,8.68,544,204,493,-107,8150
"Blanco_1",0.853,-29.958,15.09,-79.086,0.699,380,18.739,0.432,2.602,0.444,4.21,0.121,"NN",8.02,0.01,6.9,240,43,11,-236,8296
"Gulliver_20",273.736,11.082,38.831,13.069,0.704,46,1.039,0.251,-6.525,0.169,2.347,0.078,"NN",8.25,0.25,8.17,429,326,262,97,8018
"UPK_599",205.84,-38.576,313.934,23.147,0.711,87,-9.945,0.352,0.293,0.247,1.458,0.073,"NN",7.29,0.1,9.07,652,416,-432,256,7935
"UPK_294",60.902,66.176,140.719,10.087,0.716,34,-1.259,0.18,2.316,0.176,1.304,0.032,"NN",8.24,1.52,9.55,811,-618,505,142,8972
"UBC_26",285.37,22.02,53.753,7.748,0.717,64,2.049,0.164,-5.176,0.205,1.661,0.033,"NN",7.55,0.76,8.83,582,341,465,78,8012
"UPK_540",114.567,-58.609,270.742,-17.111,0.719,52,-4.827,0.238,7.67,0.196,2.688,0.086,"NN",7.57,0.32,7.78,360,4,-344,-106,8342
"UPK_303",40.054,40.291,144.774,-18.007,0.734,20,18.197,0.169,-24.154,0.535,4.606,0.141,"NN",7.9,0.05,6.57,206,-160,113,-63,8501
"UPK_422",88.007,-7.543,213.027,-16.58,0.74,113,0.187,0.331,-0.571,0.252,3.316,0.122,"NN",7.29,0.26,7.35,295,-237,-154,-84,8578
"Stock_1",294.146,25.163,60.287,2.076,0.742,173,6.034,0.306,0.302,0.332,2.447,0.077,"NN",8.62,0.39,8.1,416,206,361,15,8141
"Stock_23",49.075,60.377,139.927,2.376,0.754,83,-4.261,0.207,-0.865,0.206,1.613,0.056,"NN",8.04,0.61,8.98,625,-478,402,25,8827
"UPK_537",126.57,-52.113,268.388,-8.067,0.755,51,-6.638,0.236,7.765,0.258,1.652,0.044,"NN",8.37,0.54,8.99,628,-17,-621,-88,8380
"UPK_166",339.203,46.927,100.382,-9.914,0.767,204,-0.907,0.145,-3.229,0.229,1.508,0.064,"NN",7.43,0.27,9.09,658,-116,638,-113,8481
"Turner_5",143.284,-36.358,264.25,11.212,0.781,22,0.092,0.248,-3.115,0.185,2.373,0.102,"NN",8.51,0.04,8.19,435,-42,-424,84,8393
"UPK_168",343.832,43.35,101.455,-14.583,0.781,170,-0.528,0.146,-3.974,0.171,1.654,0.081,"NN",7.56,0.6,8.9,602,-115,571,-151,8475
"Collinder_350",267.018,1.525,26.952,14.773,0.786,169,-4.965,0.387,-0.019,0.243,2.708,0.129,"NN",8.77,0.52,7.85,371,320,162,94,8021
"UPK_296",42.666,48.561,142.404,-9.754,0.808,71,1.935,0.316,-6.656,0.276,1.866,0.111,"NN",8.37,0.39,8.76,565,-441,340,-95,8788
"UPK_526",115.198,-52.839,265.415,-14.308,0.809,39,-8,0.218,7.415,0.164,1.712,0.054,"NN",7.49,0.45,8.98,624,-48,-603,-154,8410
"IC_2391",130.292,-52.991,270.386,-6.737,0.814,222,-24.644,0.883,23.316,0.733,6.582,0.133,"NN",7.46,0.04,5.86,148,0,-147,-17,8340
"RSG_7",344.19,59.363,108.781,-0.32,0.826,124,4.927,0.428,-1.865,0.699,2.337,0.095,"NN",7.59,0.57,8.1,416,-133,393,-2,8483
"NGC_6475",268.447,-34.841,355.813,-4.513,0.834,819,3.099,0.493,-5.426,0.449,3.572,0.108,"NN",8.35,0.3,7.28,285,283,-20,-22,8056
"Ruprecht_98",179.715,-64.581,297.326,-2.283,0.835,110,-4.114,0.355,-8.632,0.264,2.044,0.07,"NN",8.69,0.36,8.52,506,232,-449,-20,8119
"UPK_350",101.689,48.688,167.317,19.336,0.838,48,-4.845,0.16,-6.346,0.159,2.238,0.11,"NN",8.11,0.19,8.33,463,-427,96,153,8767
"COIN-Gaia_37",45.377,58.329,139.326,-0.341,0.845,3,0.849,0.092,-2.042,0.046,0.976,0.028,"notEnoughStars","---","---","---","---","---","---","---","---"
"RSG_5",303.482,45.574,81.719,6.098,0.867,162,3.573,0.277,1.605,0.308,2.945,0.102,"NN",7.54,0.01,7.58,328,47,323,34,8299
"Trumpler_10",131.943,-42.566,262.866,0.582,0.89,446,-12.532,0.401,6.527,0.275,2.287,0.075,"NN",7.51,0,8.15,427,-53,-424,4,8403
"UBC_32",279.312,-14.096,18.779,-3.305,0.924,60,-1.768,0.282,-9.279,0.335,3.563,0.049,"NN",8.14,0.55,7.24,280,265,90,-16,8075
"UPK_495",105.863,-40.886,251.37,-15.409,0.939,39,-2.506,0.195,5.659,0.273,1.454,0.085,"NN",8.64,0.05,9.1,660,-203,-603,-175,8564
"UPK_524",105.304,-54.432,264.576,-20.444,0.957,58,-2.761,0.321,8.65,0.322,1.765,0.072,"NN",8.03,0.3,8.78,569,-50,-530,-198,8407
"UPK_545",130.809,-58.629,275.162,-9.931,0.96,174,-8.752,0.39,2.72,0.322,3.036,0.091,"NN",7.9,0.27,7.7,346,30,-340,-59,8316
"Gulliver_9",126.998,-47.929,265.037,-5.429,0.969,252,-5.992,0.272,6.915,0.375,1.985,0.092,"manual",7.25,0.42,8.74,559,-48,-555,-52,8406
"ASCC_79",229.731,-60.798,319.977,-2.905,0.98,113,-2.914,0.375,-4.232,0.472,1.176,0.067,"NN",7.27,0.41,9.58,825,631,-529,-41,7727
"NGC_2632",130.054,19.621,205.952,32.428,0.985,685,-36.09,1.115,-12.919,0.997,5.361,0.129,"NN",8.83,0,6.31,183,-139,-67,98,8479
"ASCC_73",189.281,-67.203,301.542,-4.37,0.988,57,-11.539,0.314,-2.945,0.462,1.518,0.124,"NN",8.53,0.23,9.08,655,341,-556,-49,8017
"Collinder_69",83.792,9.813,195.162,-12.05,0.989,620,1.194,0.55,-2.118,0.393,2.462,0.124,"manual",7.1,0.25,8.1,416,-393,-106,-87,8734
"COIN-Gaia_13",83.186,42.087,167.459,4.776,1.003,130,-3.828,0.185,-1.676,0.172,1.927,0.092,"NN",8.27,0.37,8.68,545,-530,118,45,8871
"NGC_7092",322.889,48.247,92.246,-2.35,1.003,154,-7.477,0.381,-19.738,0.393,3.337,0.09,"NN",8.6,0,7.46,311,-12,310,-12,8357
"Roslund_6",307.185,39.798,78.495,0.585,1.004,247,5.875,0.34,2.155,0.274,2.809,0.076,"NN",7.95,0,7.88,375,74,368,3,8273
"UPK_560",158.037,-44.451,278.274,11.695,1.005,87,-12.503,0.318,3.828,0.312,1.661,0.092,"NN",8.51,0.07,8.89,598,84,-580,121,8275
"RSG_8",344.983,59.371,109.15,-0.484,1.015,170,5.343,0.483,-1.654,0.539,2.21,0.204,"NN",7.43,0.53,8.17,431,-141,407,-3,8491
"UPK_533",122.798,-52.529,267.427,-10.005,1.016,55,-6.788,0.348,2.615,0.266,2.893,0.109,"NN",7.95,0.01,7.69,344,-15,-339,-59,8362
"UBC_4",61.002,35.347,161.457,-12.744,1.02,44,-0.759,0.135,-5.696,0.132,1.649,0.052,"NN",8.72,0.54,8.91,604,-558,187,-133,8900
"Stock_2",33.856,59.522,133.407,-1.63,1.03,1178,15.966,0.65,-13.627,0.591,2.641,0.076,"manual",8.6,0.5,8.01,399,-274,290,-11,8619
"UBC_11",246.666,-59.936,327.001,-7.548,1.034,44,-0.342,0.343,-6.794,0.237,2.147,0.038,"NN",7.83,0.44,8.24,444,369,-240,-58,7973
"UPK_24",282.646,-10.788,23.03,-4.719,1.045,36,-3.751,0.124,-9.838,0.173,1.945,0.049,"NN",8.43,0.95,8.51,502,460,195,-41,7881
"UBC_14",294.746,3.703,41.734,-8.829,1.068,46,0.131,0.21,-2.103,0.216,1.306,0.027,"NN",7.72,0.72,9.38,752,554,495,-115,7800
"UPK_88",309.476,21.462,64.918,-12.028,1.076,24,10.213,0.158,-5.266,0.184,3.4,0.133,"NN",7.62,0.27,7.23,279,116,247,-58,8227
"UBC_21",130.455,-20.747,244.679,12.944,1.083,47,-6.5,0.224,2.464,0.177,1.118,0.026,"NN",8.48,0.1,9.82,919,-383,-810,205,8760
"UPK_579",192.917,-50.541,302.969,12.321,1.083,110,-10.71,0.292,-3.23,0.251,1.367,0.082,"NN",8.08,0.11,9.23,702,373,-575,149,7987
"UBC_13",120.914,3.54,218.116,17.666,1.1,36,-7.749,0.158,-1.13,0.21,1.609,0.058,"NN",8.26,0,9,629,-472,-370,191,8819
"UPK_442",98.4,-11.549,221.558,-9.061,1.125,54,-2.58,0.172,-1.322,0.188,1.558,0.075,"NN",8.23,0.26,8.97,622,-460,-407,-98,8809
"UPK_535",127.025,-50.899,267.477,-7.058,1.136,109,-12.913,0.607,3.217,0.265,3.086,0.144,"NN",7.52,0.07,7.53,320,-14,-318,-39,8360
"Collinder_135",109.362,-37.044,248.989,-11.201,1.138,324,-9.975,0.445,6.157,0.35,3.278,0.117,"NN",7.42,0.01,7.33,292,-102,-267,-56,8446
"NGC_2451A",115.736,-38.264,252.431,-7.276,1.146,331,-21.116,0.853,15.328,0.708,5.165,0.117,"NN",7.55,0,6.46,195,-58,-185,-24,8400
"UPK_167",337.143,49.814,100.631,-6.737,1.197,156,1.549,0.259,-0.029,0.24,1.82,0.126,"NN",8.09,0.4,8.74,559,-102,545,-65,8460
"UPK_640",250.26,-39.494,343.56,4.473,1.213,616,-11.973,0.789,-21.25,0.682,5.673,0.204,"manual",7.4,0.4,6.21,174,166,-49,13,8173
"Melotte_22",56.601,24.114,166.462,-23.614,1.274,952,20.077,1.062,-45.503,1.183,7.346,0.177,"NN",7.89,0.18,5.55,128,-114,27,-51,8454
"ASCC_123",340.299,53.986,104.434,-4.141,1.294,49,12.093,0.473,-1.407,0.437,4.262,0.172,"NN",7.65,0,6.81,229,-57,222,-16,8400
"Alessi_44",295.325,1.592,40.121,-10.332,1.296,175,0.463,0.404,-2.325,0.182,1.496,0.22,"manual",8.35,0.71,9.16,679,511,430,-121,7840
"Collinder_132",108.485,-30.758,242.923,-9.104,1.333,86,-4.14,0.193,3.732,0.148,1.501,0.087,"NN",7.39,0,8.98,624,-280,-549,-98,8638
"UBC_17a",83.422,-1.671,205.335,-18.019,1.356,180,1.582,0.322,-1.2,0.275,2.753,0.044,"NN",7.27,0.8,7.73,352,-302,-143,-108,8643
"Alessi_13",51.762,-35.821,237.532,-55.941,1.361,48,36.332,0.931,-4.709,0.851,9.584,0.253,"manual",7.55,0.1,5.11,105,-31,-49,-87,8371
"Mamajek_4",276.635,-50.772,344.031,-16.989,1.404,180,4.646,0.505,-21.051,0.922,2.224,0.077,"NN",8.57,0.31,8.32,461,423,-121,-134,7917
"IC_2602",160.613,-64.426,289.565,-4.955,1.449,311,-17.582,0.833,10.7,0.902,6.561,0.157,"NN",7.56,0.03,5.87,149,49,-140,-12,8291
"Alessi_3",109.275,-46.142,257.449,-15.064,1.541,164,-9.875,0.447,11.958,0.515,3.566,0.134,"NN",8.8,0.14,7.37,297,-62,-280,-77,8407
"Collinder_359",270.598,3.26,30.228,12.394,1.562,269,0.637,0.234,-8.668,0.294,1.786,0.105,"NN",7.57,0.51,8.69,546,461,268,117,7883
"Platais_9",139.241,-43.862,267.362,3.707,1.595,125,-24.705,1.086,13.333,0.583,5.463,0.239,"NN",7.7,0,6.2,173,-7,-173,11,8349
"UPK_305",41.127,39.027,145.757,-18.84,1.597,45,2.979,0.134,-6.525,0.13,2.391,0.121,"NN",8.15,0.12,8.06,408,-319,217,-132,8662
"UBC_31",61.146,32.532,163.527,-14.719,1.612,84,3.803,0.192,-5.468,0.219,2.723,0.057,"NN",7.42,0.18,7.67,341,-317,93,-86,8657
"Platais_3",69.976,71.28,139.221,16.068,1.723,81,3.616,1.275,-20.931,0.626,5.62,0.165,"manual",8.25,0,6.25,177,-129,111,49,8470
"Alessi_9",265.974,-47.028,344.269,-9.058,1.73,183,9.916,0.711,-9.157,0.624,4.822,0.259,"NN",8.45,0,6.66,215,204,-57,-33,8135
"UPK_612",253.423,-67.788,322.721,-14.891,1.941,235,-13.318,1.255,-12.02,1.307,4.323,0.314,"NN",8,0.05,6.92,242,186,-141,-62,8154
"Melotte_20",51.617,48.975,147.357,-6.404,2.027,747,22.864,1.127,-25.378,1.205,5.668,0.192,"NN",7.71,0.3,6.17,171,-143,91,-19,8483
"Platais_8",136.718,-58.685,277.121,-7.576,2.716,211,-15.596,1.26,14.474,1.164,7.415,0.278,"NN",7.48,0.14,5.64,134,16,-132,-17,8324
"Melotte_111",186.014,25.652,222.546,83.401,3.112,306,-12.03,0.537,-8.973,0.845,11.595,0.398,"GDR2HRD",8.81,0,4.67,85,-7,-6,85,8347
"Melotte_25",67.447,16.948,179.767,-21.164,5.416,515,103.018,20.613,-27.228,13.932,21.059,1.969,"GDR2HRD",8.9,0,3.39,47,-44,0,-17,8384
