ID,lon,lat,pmRA*,e_pmRA*,pmDE,e_pmDE,dist_pc,e_dist,rGMM,rc,e_rc,N,e_N,log(age),RA_ICRS,DE_ICRS,plx
UPK_4,10.96,-9.35,-2.03,0.09,-6.4,0.11,784,24,22.48,11.25,0.07,37,89.66,8.45,281.37278,-23.74384,1.2755102040816326
UPK_5,12.39,-0.16,0.74,0.1,-8.38,0.17,550,16,23.3,8.26,0.12,25,34.69,8.0,273.31105,-18.27405,1.8181818181818181
UPK_7,14.74,-2.64,-0.28,0.14,-5.87,0.08,769,22,12.12,5.99,0.08,19,51.88,8.4,276.77174,-17.37131,1.3003901170351104
UPK_12,15.37,-14.92,0.58,0.1,-6.61,0.12,644,29,15.82,10.89,0.02,24,39.24,7.9,288.82072,-22.1412,1.5527950310559007
UPK_13,16.18,-7.51,-1.15,0.1,-4.12,0.1,915,25,12.11,2.67,0.02,45,85.0,7.9,282.01585,-18.29539,1.092896174863388
UPK_16,17.63,-12.34,-0.4,0.18,-5.14,0.19,802,39,23.81,6.82,0.08,29,55.16,7.9,287.26806,-19.08046,1.2468827930174564
UPK_17,18.11,-4.11,0.9,0.11,-7.92,0.12,659,20,27.44,8.55,0.08,39,83.82,8.9,279.73936,-15.05632,1.5174506828528074
UPK_18,18.34,-5.11,3.08,0.14,0.87,0.17,753,37,14.48,6.54,0.03,24,45.65,8.45,280.77096,-15.30396,1.3280212483399734
UPK_20,19.24,-5.05,3.32,0.15,1.14,0.14,472,23,44.32,22.11,0.09,40,65.44,8.8,281.133,-14.47641,2.1186440677966103
UPK_21,19.38,-6.93,7.82,0.1,0.73,0.1,587,13,20.98,9.92,0.03,22,53.55,8.95,282.93753,-15.19124,1.7035775127768313
UPK_23,21.14,-5.27,-0.9,0.12,-2.08,0.13,952,36,13.04,6.38,0.14,19,52.9,8.55,282.21027,-12.88466,1.050420168067227
UPK_24,23.33,-4.74,-3.75,0.12,-9.79,0.15,498,18,72.33,18.24,0.97,32,44.49,8.9,282.72798,-10.6975,2.0080321285140563
UPK_25,23.59,11.81,-0.31,0.09,0.19,0.12,629,31,50.21,24.68,0.43,19,46.17,8.95,268.092,-2.75613,1.589825119236884
UPK_26,24.44,-5.0,0.08,0.1,-4.42,0.08,875,26,26.23,15.27,0.16,42,78.92,8.05,283.4694,-9.82654,1.1428571428571428
UPK_27,24.78,4.54,2.36,0.1,-2.14,0.14,899,29,14.16,5.86,0.03,36,116.7,9.35,275.07495,-5.14689,1.1123470522803114
UPK_28,25.98,2.6,0.81,0.12,-2.49,0.13,882,33,13.44,0.98,0.25,28,90.77,8.9,277.35813,-4.98674,1.1337868480725624
UPK_29,26.13,1.19,0.45,0.12,2.83,0.11,656,13,13.52,13.38,0.12,22,88.07,8.75,278.68392,-5.50399,1.524390243902439
UPK_31,26.75,-6.59,-0.32,0.09,1.21,0.08,540,13,18.55,10.7,0.09,17,36.62,7.55,285.95211,-8.48417,1.8518518518518519
UPK_33,27.78,0.52,-0.13,0.15,-10.95,0.17,508,11,14.29,12.3,0.11,16,33.94,8.9,280.04153,-4.34584,1.968503937007874
UPK_38,30.54,1.04,-1.11,0.11,-5.27,0.1,572,7,8.75,1.52,0.11,8,11.53,6.45,280.84251,-1.65384,1.7482517482517483
UPK_39,31.37,5.24,3.29,0.39,-8.65,0.41,431,27,29.77,13.52,0.07,62,117.0,6.45,277.4846,1.00197,2.320185614849188
UPK_40,31.44,-11.69,0.29,0.15,-9.13,0.17,641,31,58.58,38.19,0.22,32,60.39,8.75,292.63734,-6.60829,1.5600624024960998
UPK_41,31.95,3.0,2.51,0.22,-8.13,0.23,480,19,43.23,34.34,0.16,61,115.35,6.85,279.74198,0.49468,2.0833333333333335
UPK_42,34.73,-11.5,-0.46,0.12,-5.03,0.11,592,15,22.54,5.99,0.03,41,77.45,8.75,293.91985,-3.64324,1.6891891891891893
UPK_45,36.84,-7.79,-0.62,0.11,-2.16,0.1,862,51,110.95,27.29,0.24,179,335.37,7.9,291.56887,-0.0978,1.160092807424594
UPK_46,37.13,-11.08,0.11,0.15,-8.6,0.17,680,25,27.27,17.18,0.27,23,43.4,7.9,294.62182,-1.35768,1.4705882352941178
UPK_50,40.4,3.35,-1.33,0.11,-3.79,0.14,995,34,20.49,14.14,0.14,51,123.74,8.7,283.27382,8.17072,1.0050251256281406
UPK_51,41.87,-30.7,5.06,0.16,2.07,0.11,567,22,34.35,18.46,0.1,21,24.86,8.0,314.10248,-6.54038,1.763668430335097
UPK_52,44.69,-1.96,-0.16,0.05,-5.97,0.1,818,28,12.14,4.24,0.05,9,24.97,8.05,290.04213,9.53558,1.2224938875305624
UPK_53,48.32,1.56,2.44,0.12,1.08,0.09,591,13,26.97,14.93,0.05,43,81.31,8.9,288.59037,14.38814,1.6920473773265652
UPK_54,48.37,4.28,-0.57,0.12,-5.88,0.12,827,31,26.16,14.53,0.11,60,128.62,7.9,286.11185,15.68103,1.2091898428053205
UPK_55,48.66,-7.27,-1.43,0.11,-6.86,0.09,777,28,20.4,7.93,0.05,30,48.86,7.95,296.69955,10.4635,1.287001287001287
UPK_56,51.57,2.2,-0.07,0.16,-6.74,0.15,760,27,63.41,34.18,0.17,87,186.72,8.75,289.57292,17.56125,1.3157894736842106
UPK_57,52.49,-9.88,-0.45,0.08,-3.56,0.08,819,36,26.31,15.71,0.12,14,22.9,8.75,300.9409,12.43171,1.221001221001221
UPK_62,54.52,3.61,-0.43,0.12,-5.41,0.08,895,40,16.8,3.41,0.07,26,104.8,6.75,289.70462,20.82504,1.1173184357541899
UPK_64,54.76,11.9,-0.93,0.11,-5.03,0.12,442,57,84.51,30.75,0.4,21,24.89,8.0,281.74835,24.69778,2.262443438914027
UPK_65,55.4,7.39,-1.86,0.08,-3.56,0.08,758,20,22.06,10.4,0.04,23,43.44,8.9,286.50224,23.32525,1.3192612137203166
UPK_66,55.69,-12.98,0.51,0.08,-9.93,0.1,669,13,21.99,16.4,0.18,16,33.98,8.1,305.3367,13.47777,1.4947683109118086
UPK_70,56.33,5.96,0.33,0.21,-5.38,0.17,493,28,28.3,24.8,0.13,27,37.54,7.1,288.34678,23.50729,2.028397565922921
UPK_71,56.93,3.2,1.3,0.28,-5.48,0.25,524,37,16.02,5.5,0.03,40,85.27,6.85,291.308,22.75882,1.9083969465648856
UPK_72,57.42,10.19,-0.68,0.2,-4.41,0.21,454,43,75.81,95.39,1.27,57,67.48,7.8,284.68677,26.34365,2.202643171806167
UPK_73,58.13,-0.47,0.74,0.11,-6.51,0.13,634,22,11.24,7.87,0.09,9,29.39,7.25,295.40998,22.0341,1.5772870662460567
UPK_74,58.41,-0.11,-0.11,0.1,-3.33,0.1,571,38,26.03,5.12,0.02,16,18.9,7.95,295.22163,22.45553,1.7513134851138354
UPK_77,61.33,13.69,1.08,0.05,-4.06,0.07,353,25,19.72,7.33,0.25,7,8.37,7.4,282.86419,31.2763,2.8328611898016995
UPK_78,61.49,15.81,0.31,0.28,-3.52,0.22,375,33,92.39,133.03,2.22,50,51.13,7.75,280.64098,32.2487,2.6666666666666665
UPK_79,61.81,-7.56,-2.1,0.14,-5.47,0.1,913,37,27.85,12.35,0.08,23,55.8,7.8,303.98503,21.47469,1.095290251916758
UPK_80,62.75,3.76,1.19,0.1,-1.01,0.09,876,49,35.63,7.09,0.34,28,53.04,7.9,293.83415,28.13133,1.1415525114155252
UPK_82,63.22,-0.54,2.34,0.11,-2.13,0.1,537,21,37.87,25.39,0.09,41,48.48,7.9,298.29124,26.39431,1.86219739292365
UPK_84,64.07,-13.1,-6.25,0.07,-9.25,0.09,904,25,24.29,13.72,0.06,38,81.56,8.75,310.21875,20.17502,1.1061946902654867
UPK_85,64.12,-7.06,2.12,0.1,-1.61,0.07,887,26,30.12,28.72,1.15,11,24.06,7.6,304.90096,23.66202,1.1273957158962795
UPK_88,64.83,-11.99,10.29,0.12,-5.35,0.19,293,19,64.38,26.84,0.41,16,16.0,7.8,309.71867,21.42558,3.4129692832764507
UPK_90,65.63,-0.63,-0.83,0.1,-5.72,0.08,793,32,13.21,10.56,0.23,24,45.46,7.65,299.7868,28.40752,1.2610340479192939
UPK_91,66.48,-8.18,2.04,0.13,-3.97,0.09,764,46,76.16,31.67,0.23,30,48.98,8.0,307.36591,24.9582,1.3089005235602094
UPK_93,67.19,-0.2,-0.85,0.1,-8.28,0.11,685,34,32.51,7.51,0.08,33,53.88,8.6,300.30852,29.96023,1.4598540145985401
UPK_94,67.35,-4.74,2.12,0.06,1.06,0.06,941,32,23.49,9.14,0.09,20,56.01,7.9,304.75402,27.62258,1.0626992561105206
UPK_99,69.8,-11.52,0.27,0.17,-7.84,0.21,783,37,39.05,19.86,0.74,20,32.86,8.1,312.48646,25.60402,1.277139208173691
UPK_101,70.08,15.36,1.44,0.33,-1.63,0.34,363,42,100.06,112.27,1.11,103,105.3,7.65,285.07831,39.71942,2.7548209366391183
UPK_104,71.82,-4.14,3.67,0.17,1.53,0.17,836,35,40.53,28.16,0.33,34,64.22,7.95,307.11285,31.62506,1.1961722488038278
UPK_108,74.84,-10.97,1.02,0.11,-4.72,0.09,840,26,52.71,13.41,0.21,28,52.95,7.65,315.52142,29.79,1.1904761904761905
UPK_109,75.43,-2.91,-2.37,0.08,-5.67,0.1,725,23,17.61,0.6,0.44,12,22.67,7.65,308.46154,35.26233,1.3793103448275863
UPK_110,76.38,0.5,2.9,0.11,-1.17,0.08,857,15,30.93,15.1,0.12,11,23.61,8.65,305.70175,38.02447,1.1668611435239207
UPK_113,79.43,-9.19,2.16,0.08,-2.34,0.13,679,10,22.91,8.98,0.13,15,24.51,7.85,317.4513,34.36363,1.4727540500736378
UPK_116,80.78,-2.48,3.28,0.08,-2.94,0.06,435,19,31.69,11.21,0.06,14,14.32,7.75,312.15917,39.75157,2.2988505747126435
UPK_118,81.92,-3.39,-1.65,0.08,-3.5,0.09,940,40,73.88,19.62,0.1,38,92.76,8.9,314.01946,40.04751,1.0638297872340425
UPK_119,81.99,1.87,-0.65,0.06,-2.0,0.07,769,11,16.5,11.93,1.3,18,43.67,8.75,308.56015,43.37699,1.3003901170351104
UPK_120,82.12,-3.14,2.76,0.16,-1.44,0.15,666,20,38.4,6.37,0.09,22,47.22,7.75,313.9386,40.36145,1.5015015015015014
UPK_121,82.77,-2.43,0.57,0.15,-1.87,0.12,951,52,48.17,27.03,0.18,43,139.39,8.95,313.7757,41.3156,1.0515247108307044
UPK_122,82.86,7.5,-1.34,0.07,-9.26,0.04,900,25,36.29,51.93,5.82,13,34.41,9.4,302.6597,47.28552,1.1111111111111112
UPK_126,83.78,0.27,-1.46,0.16,-1.89,0.18,823,36,9.61,1.9,0.06,15,41.32,6.75,311.81996,43.81279,1.2150668286755772
UPK_127,84.82,-0.17,-1.29,0.39,-3.08,0.42,796,48,26.37,12.74,0.03,161,439.08,6.25,313.21132,44.33822,1.256281407035176
UPK_131,86.66,-0.73,2.83,0.1,-1.09,0.07,976,25,19.63,8.44,0.05,24,77.61,8.75,315.50117,45.36989,1.0245901639344261
UPK_136,88.73,-5.79,-0.03,0.16,-0.6,0.12,643,35,50.28,35.17,0.35,42,58.4,7.85,322.60157,43.33943,1.5552099533437014
UPK_137,89.84,9.5,-2.34,0.1,-6.04,0.09,838,28,22.02,9.22,0.02,19,46.25,7.5,305.97782,54.1606,1.1933174224343674
UPK_138,90.21,-2.32,-0.41,0.15,-1.78,0.13,681,12,10.73,1.63,0.18,11,35.66,6.5,320.68427,46.85944,1.4684287812041117
UPK_143,91.62,0.55,1.07,0.12,-2.46,0.11,861,26,50.42,9.34,0.07,65,207.93,8.85,319.10726,49.88067,1.1614401858304297
UPK_144,91.74,4.04,1.17,0.38,-3.41,0.26,557,29,20.5,6.17,0.05,27,66.34,6.45,315.1437,52.33178,1.7953321364452424
UPK_147,94.25,7.51,-2.39,0.19,-4.83,0.23,883,35,106.71,98.88,0.7,188,448.76,7.25,313.35914,56.47902,1.1325028312570782
UPK_150,95.06,3.62,-4.25,0.09,-3.99,0.09,980,33,48.73,15.75,0.06,40,129.11,7.2,319.42696,54.4852,1.0204081632653061
UPK_152,96.18,4.94,3.73,0.1,-1.17,0.12,739,35,47.42,13.29,0.2,19,46.38,9.0,319.1264,56.20582,1.3531799729364005
UPK_155,97.22,10.93,-2.24,0.09,-3.86,0.15,887,23,45.48,10.4,0.13,23,56.15,7.55,311.70593,60.90094,1.1273957158962795
UPK_156,97.32,-1.95,-0.32,0.1,-1.91,0.08,902,27,26.36,10.72,0.15,14,26.31,7.9,328.46328,51.86515,1.1086474501108647
UPK_160,98.4,15.02,3.68,0.21,0.29,0.18,480,15,29.3,2.03,0.2,14,22.89,6.7,305.83324,64.17893,2.0833333333333335
UPK_164,99.92,4.82,-1.46,0.18,-3.26,0.17,933,45,71.26,16.23,0.16,124,339.67,7.25,324.26,58.71374,1.0718113612004287
UPK_166,100.27,-9.88,-0.92,0.12,-3.26,0.17,651,27,75.77,17.49,0.12,131,181.84,7.6,339.07068,46.95819,1.5360983102918586
UPK_167,100.48,-6.74,1.56,0.17,-0.09,0.16,545,33,101.05,38.98,0.17,89,105.17,8.0,336.90859,49.75835,1.834862385321101
UPK_168,101.43,-14.64,-0.53,0.13,-3.95,0.13,596,21,72.94,16.4,0.13,99,137.16,7.65,343.69313,43.30782,1.6778523489932886
UPK_169,101.63,4.84,-1.95,0.15,-2.36,0.16,842,30,52.97,10.24,0.1,64,152.85,7.1,326.74932,59.84841,1.187648456057007
UPK_178,104.86,2.71,-4.34,0.15,-3.36,0.14,949,21,5.73,1.53,0.03,15,48.42,8.5,334.45766,60.07695,1.053740779768177
UPK_180,105.11,-1.44,-0.61,0.17,0.21,0.16,832,38,45.13,18.83,0.08,40,75.64,8.55,339.01822,56.67348,1.2019230769230769
UPK_185,105.82,-9.95,2.66,0.16,-1.93,0.17,552,23,31.02,5.25,0.03,83,98.27,7.95,346.42809,49.37676,1.8115942028985508
UPK_189,107.39,7.64,-2.65,0.1,-3.32,0.11,1001,40,44.04,44.48,0.41,31,86.5,7.2,332.91296,65.56846,0.999000999000999
UPK_191,107.68,4.61,-1.04,0.16,-1.87,0.17,874,37,37.11,0.02,0.0,34,107.73,6.9,337.31234,63.19066,1.1441647597254005
UPK_194,108.29,6.36,-0.76,0.31,-3.09,0.33,924,33,25.37,8.27,0.02,92,250.28,7.35,336.38894,64.99859,1.0822510822510822
UPK_198,109.68,4.45,-4.9,0.1,-2.14,0.11,844,26,50.72,6.0,0.07,27,74.92,8.6,341.39393,64.03439,1.1848341232227488
UPK_201,109.99,1.64,-3.95,0.16,-3.37,0.09,919,15,16.2,1.8,0.22,18,58.21,6.6,344.72957,61.65141,1.088139281828074
UPK_214,113.24,-8.02,0.79,0.21,-0.72,0.21,810,46,95.14,53.33,0.23,111,180.78,8.75,356.5369,53.61864,1.2345679012345678
UPK_219,114.27,3.86,-1.72,0.06,-2.48,0.07,801,19,23.39,6.11,0.11,15,32.24,8.9,351.78091,65.30401,1.2484394506866416
UPK_220,114.35,5.1,-2.41,0.13,-2.59,0.12,967,28,23.57,6.15,0.04,102,326.29,8.75,350.97253,66.50197,1.0341261633919339
UPK_224,114.99,5.35,-1.41,0.11,-0.1,0.12,779,21,20.33,4.6,0.09,30,97.25,6.85,352.29392,66.94476,1.2836970474967908
UPK_226,115.7,6.93,-1.55,0.09,-3.13,0.07,861,14,26.66,13.95,0.13,25,60.65,8.8,352.76935,68.66595,1.1614401858304297
UPK_230,116.88,9.85,4.9,0.1,-0.79,0.12,535,17,31.45,24.66,0.37,19,26.29,8.35,353.43134,71.80267,1.8691588785046729
UPK_233,118.06,9.5,6.89,0.18,0.69,0.19,493,13,48.5,22.95,0.33,18,25.0,7.9,357.31895,71.7813,2.028397565922921
UPK_241,121.62,2.6,0.17,0.13,-0.2,0.1,949,25,29.81,13.53,0.05,27,87.31,8.9,9.70512,65.4396,1.053740779768177
UPK_252,125.62,5.31,-1.46,0.14,-0.85,0.16,858,47,103.73,20.87,0.18,47,130.41,7.4,20.03038,68.03192,1.1655011655011656
UPK_260,128.99,-3.75,2.66,0.12,-1.86,0.14,825,42,75.73,31.92,0.36,54,101.83,7.9,24.5116,58.57245,1.2121212121212122
UPK_262,129.73,7.38,-1.97,0.07,0.77,0.08,825,32,52.06,44.28,0.29,14,38.57,8.5,32.18644,69.22509,1.2121212121212122
UPK_265,130.67,3.73,-0.51,0.09,-0.37,0.11,864,32,35.01,12.74,0.08,40,96.93,8.6,31.73516,65.46111,1.1574074074074074
UPK_281,135.79,-8.0,-4.07,0.16,0.39,0.13,624,59,107.05,41.18,0.5,38,52.77,8.1,34.19856,52.72768,1.6025641025641026
UPK_282,136.05,-17.3,-2.79,0.12,-3.19,0.12,807,40,19.62,7.71,0.05,22,42.17,7.9,30.32612,43.78494,1.2391573729863692
UPK_287,137.67,12.52,-2.38,0.27,-3.46,0.26,630,75,117.96,65.11,0.76,52,97.21,8.45,59.13134,69.89888,1.5873015873015872
UPK_292,140.3,7.91,0.23,0.17,-8.12,0.19,444,33,66.8,9.92,0.17,28,45.81,8.8,56.63584,64.69969,2.2522522522522523
UPK_294,140.45,10.18,-1.27,0.13,2.25,0.18,746,17,50.23,59.44,0.86,27,51.05,8.95,60.44227,66.33991,1.3404825737265416
UPK_296,142.5,-9.83,1.97,0.27,-6.75,0.31,538,49,66.41,23.15,0.11,49,57.94,7.95,42.70007,48.45426,1.858736059479554
UPK_300,143.78,4.64,0.25,0.13,-0.75,0.1,962,42,35.87,15.55,0.08,21,57.85,8.6,58.02045,59.98324,1.0395010395010396
UPK_303,144.56,-18.03,18.25,0.38,-24.33,0.49,212,8,149.18,32.94,0.68,33,33.0,7.95,40.17716,40.20836,4.716981132075472
UPK_305,145.35,-19.04,2.96,0.13,-6.5,0.1,411,31,92.07,25.93,0.43,32,32.72,7.95,40.48571,38.97362,2.4330900243309004
UPK_307,145.71,-0.37,-2.13,0.18,-1.82,0.17,893,41,71.62,18.2,0.16,54,128.96,7.25,55.11373,54.84699,1.1198208286674132
UPK_310,149.14,-4.72,-2.66,0.07,0.61,0.11,620,62,79.73,0.06,0.0,14,19.43,7.75,55.32204,49.31145,1.6129032258064515
UPK_312,150.3,5.44,0.2,0.07,-0.73,0.07,702,22,49.58,0.02,0.0,23,44.09,8.9,68.00176,56.10306,1.4245014245014245
UPK_317,151.23,13.22,-1.11,0.19,-1.46,0.17,900,52,77.98,12.95,0.43,42,89.94,7.6,80.7675,60.12807,1.1111111111111112
UPK_322,152.74,-6.13,-1.39,0.15,-2.99,0.15,955,26,26.83,9.49,0.05,60,127.43,7.55,58.19906,45.98277,1.0471204188481675
UPK_325,153.66,0.68,-1.55,0.08,-2.3,0.08,762,28,17.3,17.35,0.15,11,38.59,7.95,66.12054,50.38921,1.3123359580052494
UPK_326,154.42,-5.74,-2.16,0.3,0.1,0.34,646,50,77.08,49.7,0.42,40,65.39,8.95,60.37853,45.19637,1.5479876160990713
UPK_333,155.85,-5.81,2.53,0.14,-6.47,0.13,723,41,36.65,12.76,0.08,30,56.61,8.8,61.80375,44.19496,1.3831258644536653
UPK_347,165.93,0.22,-0.46,0.12,-3.7,0.06,917,30,35.9,3.93,0.25,19,35.89,7.9,77.03228,40.74264,1.0905125408942202
UPK_350,167.21,19.42,-4.88,0.17,-6.39,0.17,444,23,88.17,30.22,0.13,37,37.83,8.0,101.81711,48.81208,2.2522522522522523
UPK_357,169.46,9.9,-0.33,0.12,-1.21,0.11,716,59,162.52,32.63,0.36,36,58.51,8.2,90.54758,42.96802,1.3966480446927374
UPK_367,176.45,-33.27,24.93,0.67,-24.34,0.52,162,46,294.39,123.78,0.65,42,42.0,7.95,56.09826,11.08596,6.172839506172839
UPK_369,177.42,-1.28,0.08,0.06,-2.89,0.08,731,25,43.64,14.43,0.14,18,38.69,8.85,83.57846,30.44124,1.3679890560875514
UPK_378,181.37,-36.43,21.48,0.31,-13.79,0.33,182,6,71.27,10.56,0.29,13,13.0,7.9,56.43457,5.97089,5.4945054945054945
UPK_379,181.6,6.79,-0.97,0.1,-4.29,0.08,765,38,54.68,10.06,0.11,22,41.52,8.8,94.13091,30.89422,1.3071895424836601
UPK_381,183.7,7.05,0.48,0.08,-2.96,0.08,708,24,53.72,17.35,0.06,28,53.04,8.0,95.50629,29.16336,1.4124293785310735
UPK_385,188.05,-17.04,1.87,0.34,-3.52,0.28,320,34,46.18,10.05,0.15,38,38.87,7.0,75.7392,12.96773,3.125
UPK_394,195.66,-18.11,-0.52,0.1,-2.03,0.1,802,24,25.53,7.95,0.06,27,51.05,7.9,78.79452,6.28155,1.2468827930174564
UPK_398,198.75,-11.55,-3.34,0.18,-1.76,0.18,452,32,39.66,9.45,0.06,40,55.62,7.1,86.01185,7.02685,2.2123893805309733
UPK_402,203.26,-12.3,-1.15,0.31,-1.96,0.28,429,35,21.12,10.45,0.04,43,71.03,6.85,87.5067,2.80592,2.331002331002331
UPK_416,211.24,-12.52,-1.26,0.12,1.48,0.15,871,48,99.53,23.3,0.25,34,73.07,7.9,90.9346,-4.19758,1.148105625717566
UPK_418,212.31,11.18,-2.68,0.09,-1.6,0.1,828,28,32.25,9.75,0.08,17,27.85,7.95,112.56099,5.61759,1.2077294685990339
UPK_422,213.03,-16.53,0.25,0.21,-0.6,0.22,304,22,63.58,23.01,0.08,71,71.0,7.3,88.10545,-7.5387,3.289473684210526
UPK_429,216.44,5.03,-2.01,0.14,0.07,0.12,865,38,41.86,7.57,0.12,76,143.42,7.95,108.93484,-0.81756,1.1560693641618498
UPK_431,217.79,3.49,-2.44,0.1,0.77,0.11,729,33,54.19,13.95,0.12,55,89.39,8.7,108.18573,-2.72107,1.3717421124828533
UPK_433,218.28,-2.15,-0.78,0.13,-2.55,0.11,780,29,43.06,7.61,0.23,51,83.38,7.9,103.38247,-5.7392,1.2820512820512822
UPK_436,219.0,-6.02,-4.1,0.14,0.66,0.17,842,50,52.09,25.33,0.13,67,126.34,7.3,100.23083,-8.12791,1.187648456057007
UPK_438,219.35,-5.6,-6.59,0.44,2.68,0.37,449,60,95.65,29.13,0.16,52,53.17,7.8,100.76786,-8.25081,2.2271714922048997
UPK_442,221.51,-9.17,-2.54,0.18,-1.32,0.17,640,45,88.53,43.49,0.32,55,76.2,7.7,98.48424,-11.75452,1.5625
UPK_445,221.93,-15.95,-2.41,0.39,1.45,0.33,667,48,84.12,25.18,0.24,131,213.35,7.1,92.36032,-15.01905,1.4992503748125936
UPK_447,222.57,-3.38,-3.6,0.08,0.41,0.11,962,32,41.4,23.51,0.06,30,57.06,7.65,104.24118,-10.11533,1.0395010395010396
UPK_448,222.64,-8.0,-2.61,0.17,0.73,0.17,900,42,44.21,30.58,0.76,37,69.82,7.9,100.06064,-12.24412,1.1111111111111112
UPK_452,226.65,1.13,-5.8,0.08,3.19,0.08,623,10,23.99,5.68,0.09,9,25.11,7.6,110.23144,-11.65526,1.6051364365971108
UPK_456,229.07,-6.03,-7.62,0.21,0.18,0.17,506,41,100.85,33.68,0.1,31,36.72,7.95,104.81091,-17.09201,1.976284584980237
UPK_457,230.41,-7.05,-3.81,0.1,5.14,0.1,949,33,23.73,6.24,0.08,16,40.86,7.4,104.47403,-18.73819,1.053740779768177
UPK_467,231.78,10.65,-6.99,0.12,-1.72,0.11,579,26,49.73,16.03,0.09,49,68.08,8.2,121.25145,-11.43739,1.7271157167530224
UPK_468,232.13,7.2,-1.58,0.08,0.1,0.11,871,39,22.52,4.06,0.22,22,36.14,8.2,118.38614,-13.48564,1.148105625717566
UPK_470,232.73,-4.05,-4.81,0.11,4.23,0.1,999,36,44.7,8.02,0.1,55,104.0,7.5,108.40971,-19.44469,1.001001001001001
UPK_492,250.73,-0.88,-7.43,0.1,5.39,0.07,713,26,42.72,0.02,0.0,17,23.5,7.9,121.451,-33.53149,1.402524544179523
UPK_494,251.06,-7.92,-5.35,0.08,5.25,0.1,881,38,53.37,18.51,0.16,19,31.74,7.75,114.19707,-37.37913,1.1350737797956867
UPK_495,251.37,-15.37,-2.42,0.14,5.67,0.17,664,42,83.78,24.62,0.31,36,58.51,8.45,105.6974,-40.87025,1.5060240963855422
UPK_499,254.36,11.42,-6.75,0.19,2.67,0.17,1001,70,110.31,113.82,1.36,106,199.17,7.9,135.56689,-29.13989,0.999000999000999
UPK_502,255.6,-1.29,-8.08,0.17,5.61,0.17,699,19,15.96,3.76,0.06,22,35.99,7.85,124.31647,-37.82866,1.4306151645207439
UPK_508,258.93,7.76,-10.58,0.09,6.25,0.09,830,20,26.33,2.98,0.1,26,63.08,8.6,135.75173,-34.94235,1.2048192771084338
UPK_524,265.0,-20.62,-2.77,0.19,8.81,0.25,554,30,77.75,38.6,0.22,40,47.29,8.0,105.16734,-54.84359,1.8050541516245486
UPK_526,265.35,-14.34,-7.98,0.19,7.42,0.14,575,23,86.2,27.79,0.23,30,41.63,7.3,115.23689,-52.77449,1.7391304347826086
UPK_528,265.9,2.9,-7.69,0.13,1.89,0.13,953,41,32.23,2.37,0.2,51,96.33,7.9,137.04656,-43.35354,1.0493179433368311
UPK_533,267.52,-9.78,-7.03,0.17,2.57,0.16,348,24,76.95,18.48,0.34,23,23.52,7.9,123.49596,-52.39735,2.8735632183908044
UPK_535,267.66,-7.22,-13.08,0.36,3.25,0.22,319,12,81.14,63.64,0.68,72,72.0,7.65,127.06011,-51.09161,3.134796238244514
UPK_537,268.29,-7.86,-6.69,0.17,7.58,0.18,603,37,60.17,29.99,0.28,42,68.66,7.6,126.79182,-51.97014,1.658374792703151
UPK_540,270.63,-17.08,-4.82,0.22,7.66,0.19,372,23,74.66,33.24,0.04,44,44.99,7.5,114.69272,-58.53999,2.6881720430107525
UPK_542,272.86,-5.81,-4.87,0.07,2.56,0.12,835,30,50.7,21.67,0.05,19,35.93,8.8,134.10794,-54.33068,1.1976047904191616
UPK_545,275.19,-9.96,-8.74,0.33,2.77,0.32,331,28,99.33,23.37,0.16,142,142.0,7.95,130.83802,-58.7247,3.0211480362537766
UPK_549,276.79,0.7,-1.69,0.13,-0.43,0.11,1010,25,24.95,6.96,0.04,104,222.72,9.05,146.50303,-52.49656,0.9900990099009901
UPK_552,280.22,9.47,-22.45,0.38,6.31,0.32,345,61,85.98,17.85,0.05,43,43.0,7.95,158.70415,-47.28732,2.898550724637681
UPK_562,288.58,2.88,-11.67,0.15,4.85,0.16,816,29,44.23,12.06,0.09,45,73.57,7.9,165.86142,-56.95193,1.2254901960784315
UPK_567,291.21,-7.6,-6.37,0.11,0.11,0.14,638,24,63.52,12.18,0.08,54,74.96,8.7,161.06402,-67.52992,1.567398119122257
UPK_569,294.78,-10.32,-25.75,0.63,-1.05,0.81,252,26,88.53,42.96,0.32,63,63.0,7.55,166.74938,-71.51931,3.9682539682539684
UPK_578,302.97,5.49,-12.93,0.08,-4.67,0.08,942,24,16.03,3.99,0.02,23,92.38,8.85,192.9298,-57.38173,1.0615711252653928
UPK_579,303.01,12.41,-10.73,0.21,-3.2,0.18,717,39,101.05,36.49,0.17,76,105.54,7.9,192.97927,-50.46168,1.394700139470014
UPK_585,307.83,-13.76,-6.8,0.15,-5.55,0.16,710,44,38.48,3.84,0.26,27,44.36,7.9,212.72023,-75.8707,1.408450704225352
UPK_587,308.37,12.7,-8.82,0.21,-2.6,0.21,891,41,73.13,21.89,0.17,78,147.19,7.95,201.09852,-49.82345,1.122334455667789
UPK_594,312.49,-7.05,-1.98,0.2,-3.16,0.2,939,43,69.82,22.84,0.08,78,147.33,7.9,218.91656,-67.96625,1.0649627263045793
UPK_595,312.66,-6.12,-5.93,0.14,-3.92,0.18,875,74,67.38,12.59,0.2,56,105.89,8.8,218.37568,-67.04396,1.1428571428571428
UPK_596,313.12,-11.39,-4.4,0.15,-3.7,0.19,711,49,76.17,19.08,0.12,36,58.9,8.0,226.13718,-71.57792,1.4064697609001406
UPK_599,314.03,23.16,-9.95,0.27,0.3,0.22,670,38,74.25,18.3,0.1,56,91.44,7.3,205.94424,-38.58121,1.492537313432836
UPK_602,316.71,-6.5,-1.32,0.21,-3.94,0.26,886,54,93.77,65.51,0.8,131,245.44,7.9,227.75439,-65.56644,1.1286681715575622
UPK_604,318.25,-0.64,-4.52,0.11,-3.62,0.11,761,31,32.32,7.14,0.1,31,75.21,7.15,224.43398,-59.70166,1.314060446780552
UPK_605,318.84,-8.37,-3.63,0.08,-4.28,0.08,736,17,22.23,3.73,0.09,34,55.7,7.85,234.56525,-65.94614,1.358695652173913
UPK_606,319.09,13.62,-20.26,0.4,-16.8,0.41,170,15,81.53,17.63,0.11,40,40.0,7.1,215.92237,-46.33731,5.882352941176471
UPK_607,319.74,1.46,-4.26,0.23,-3.24,0.23,900,65,20.58,4.3,0.06,47,114.21,7.1,225.0596,-57.14773,1.1111111111111112
UPK_612,322.59,-15.03,-13.27,0.92,-12.06,0.91,241,32,181.72,79.39,0.23,181,181.0,8.0,253.34568,-68.07799,4.149377593360996
UPK_613,324.23,8.11,-4.54,0.09,-3.63,0.1,871,32,19.0,8.2,0.07,18,43.94,7.85,226.2207,-49.16402,1.148105625717566
UPK_614,324.35,2.36,-1.84,0.1,-4.48,0.07,889,29,24.72,4.01,0.14,27,51.15,7.95,231.23272,-54.0029,1.124859392575928
UPK_617,325.25,0.04,-2.71,0.13,-5.3,0.1,723,17,21.41,5.47,0.02,44,72.08,7.9,234.81262,-55.38629,1.3831258644536653
UPK_621,326.93,-0.03,-2.57,0.29,-3.08,0.24,866,44,37.68,6.88,0.28,87,164.05,8.8,237.20522,-54.41915,1.1547344110854503
UPK_624,329.08,-10.65,-1.44,0.25,-14.33,0.28,325,38,52.1,17.34,0.13,32,32.0,7.65,254.09104,-60.39054,3.076923076923077
UPK_626,330.69,2.09,-7.3,0.22,-5.67,0.19,510,34,40.76,9.51,0.04,38,52.79,8.2,239.74914,-50.39132,1.9607843137254901
UPK_627,331.53,-2.29,-2.44,0.16,-10.06,0.15,530,25,44.69,13.57,0.11,34,40.24,8.0,245.55038,-53.03515,1.8867924528301887
UPK_629,332.99,-8.44,0.8,0.1,-3.8,0.11,922,34,40.86,19.18,0.18,33,70.92,7.9,255.1919,-55.98436,1.0845986984815619
UPK_630,334.33,-2.71,-1.75,0.09,-2.3,0.08,931,27,12.32,4.04,0.01,32,89.29,7.85,249.18722,-51.29495,1.0741138560687433
UPK_639,343.41,-6.29,1.15,0.28,-9.3,0.29,707,59,118.23,62.9,0.82,135,187.4,8.9,261.89337,-46.29078,1.4144271570014144
UPK_640,343.55,4.64,-11.89,0.49,-21.15,0.47,177,7,116.15,41.19,0.1,340,340.0,7.5,250.13391,-39.52827,5.649717514124294
UPK_642,345.57,-5.9,2.31,0.11,-4.29,0.12,950,46,42.53,21.02,0.69,34,64.11,8.0,263.08904,-44.27642,1.0526315789473684
UPK_644,349.15,10.62,-3.94,0.16,-3.46,0.13,742,29,37.99,6.87,0.11,42,68.61,7.95,249.11114,-31.41367,1.3477088948787062
UPK_645,349.54,-9.55,2.76,0.13,-2.85,0.12,683,27,26.87,8.13,0.03,39,63.89,7.95,270.17749,-42.73329,1.4641288433382138
UPK_654,359.58,-10.83,1.13,0.2,-8.65,0.17,503,29,33.74,11.02,0.05,49,58.08,8.0,277.35933,-34.48984,1.9880715705765408
UPK_655,359.89,-17.71,4.48,0.77,-27.2,0.82,153,5,26.24,9.83,0.06,35,35.0,7.1,285.28966,-36.94016,6.5359477124183005
