"Cluster","logAgeNN","Dist","Nstars","RA_ICRS","DE_ICRS","pmRA","pmDE","plx","GLON","GLAT","e_b/aHalo","SimbadName"
"ASCC_10          ",8.42,649,166,51.8068806884422,34.9448304616836,-1.83947505003786,-1.39569359011586,1.49114458691303,155.701915329894,-17.8296653875609,0.0002850383438468,"[KPR2005] 10"
"ASCC_101         ",8.7,407,97,288.40809953334,36.3774826816381,0.943665174894891,1.19917072788945,2.52516696013823,68.0391084951072,11.6048771165708,0.00000209687401699732,"[KPR2005] 101"
"ASCC_105         ",7.88,558,151,295.539823291642,27.4023127602182,1.41618433251917,-1.60151679683658,1.79985411708572,62.8524248799955,2.08703957496157,0.0000195287104885126,"[KPR2005] 105"
"ASCC_108         ",8.04,1129,261,298.354889687572,39.3277165788148,-0.473894174677322,-1.7127863127136,0.845502423932893,74.379183719804,6.03055119544924,0.0006291723367126,"[KPR2005] 108"
"ASCC_11          ",8.42,848,302,53.0290745065947,44.8774402565062,0.898419496977201,-3.06660001155445,1.15438166144944,150.517584737876,-9.21698331726319,0.0000000619597080424,"[KPR2005] 11"
"ASCC_111         ",8.42,829,108,302.959936267767,37.5442545566387,-1.14428815445351,-1.58489790943657,1.14994201718544,74.7680649027414,2.02604282856869,0.00000004773243977353,"[KPR2005] 111"
"ASCC_113         ",8.48,557,335,317.926150922956,38.5426611458179,0.825806789753891,-3.70846274023787,1.76817097643596,82.803033873316,-6.65018252152483,0.00000012953459601905,"[KPR2005] 113"
"ASCC_115         ",8.14,717,92,329.315855895353,51.5597573882013,-0.512364420872659,-0.618877304007771,1.30273003600739,97.546488539369,-2.51665907793589,0.00000099342113374263,"[KPR2005] 115"
"ASCC_12          ",7.98,1024,224,72.3461331561169,41.7278731694717,-0.61931449462609,-2.92831264129296,0.928785155682028,162.972086015324,-1.93387218488121,0.0000208141829296716,"[KPR2005] 12"
"ASCC_128         ",8.42,657,133,350.122726193247,54.3887446697246,1.2358471706563,0.140162593719736,1.51842133615337,109.849266077277,-6.15652572481665,0.0007554838769567,"[KPR2005] 128"
"ASCC_23          ",8.37,619,143,95.0474810696779,46.7080246157263,1.04393849532675,-0.604896680056339,1.60941512994542,167.474205623742,14.4151104829697,0.00000025316509539769,"[KPR2005] 23"
"ASCC_29          ",7.99,1031,67,103.53366620589,-1.6754482770147,-0.971407417189644,-1.0281560634191,0.977796561413222,214.730418670611,-0.164121249077505,0.00000019261884157912,"[KPR2005] 29"
"ASCC_30          ",8.24,1036,62,104.24337035558,-6.16742630439833,-1.56973842927334,-0.178977020925496,0.892499940676358,219.051539108823,-1.58262155462766,0,"[KPR2005] 30"
"ASCC_41          ",8.33,297,131,116.673500364081,-0.0651299298853268,0.693687530991362,-3.93993440679378,3.36967823669361,219.388074195027,12.2387011496136,0.00000006319842270941,"[KPR2005] 41"
"ASCC_58          ",7.73,485,532,153.726310995459,-55.1257267926356,-13.3435756882579,2.9806929493971,2.0910813028548,281.773989303349,1.18220270525921,0.00000005833592911614,"[KPR2005] 58"
"ASCC_66          ",7.78,947,"","","","","","","","","","[KPR2005] 66"
"ASCC_71          ",8.13,1230,72,185.061530707954,-67.488425616369,-9.36908488574859,-1.32604703685147,0.771246288268066,299.943706948934,-4.79782665661889,0,"[KPR2005] 71"
"ASCC_73          ",8.55,644,"","","","","","","","","","[KPR2005] 73"
"ASCC_77          ",7.99,1105,83,212.641493214685,-62.3626208431442,-4.25982451647999,-3.20880627606556,0.873829449258197,311.965513001231,-0.88681252203917,0.00000008886514415837,"[KPR2005] 77"
"ASCC_85          ",7.89,811,216,251.732602400426,-45.5997916493506,0.151945681153882,-4.10788714896391,1.1389575364875,339.725641842146,-0.223128540113372,0.0002167499127976,"[KPR2005] 85"
"ASCC_87          ",7.98,757,61,255.727523393325,-28.3312220642474,-1.20248369583217,-3.81448053152039,1.30551714833908,355.234165968955,8.09763477960556,0.00000907695422787944,"[KPR2005] 87"
"ASCC_88          ",8.43,906,63,256.857243680026,-35.6009590083149,0.913671256390099,-3.28009280156828,1.10661100439575,349.966907242088,2.96948118847913,0.0000001858363275798,"[KPR2005] 88"
"ASCC_90          ",8.93,548,112,264.779174593394,-34.8920285858737,-1.59083744371022,-2.74128066944657,1.72913043894635,354.209811277902,-1.96466196783933,0.0002532217432427,"[KPR2005] 90"
"ASCC_97          ",8.05,589,"","","","","","","","","","[KPR2005] 97"
"ASCC_99          ",8.56,282,95,282.151554995731,-18.5970290973654,5.18860136739164,-1.38041236138913,3.35989355715456,15.9639334927751,-7.75838542635186,0.00000050213944964729,"[KPR2005] 99"
"Alessi_1         ",9.18,680,74,13.2828374874372,49.5157889273715,6.47971118894367,-6.4348516263353,1.42415059974579,123.214418047991,-13.3550322018213,0.00000178047706770175,"Cl Alessi 1"
"Alessi_10        ",7.98,464,108,301.230639680149,-10.5217324036669,1.46179891238135,-7.88537057156129,2.27322082026619,31.6289576794802,-21.0417957866797,0.00000012103476501526,"Cl Alessi 10"
"Alessi_12        ",8.14,537,244,310.771414554735,23.9780144808171,4.3329100269423,-4.70119776193995,1.82409449713322,67.5182820207396,-11.2655792470429,0.0000000273444036152,"Cl Alessi 12"
"Alessi_2         ",8.58,647,"","","","","","","","","","Cl Alessi 2"
"Alessi_21        ",7.84,579,301,107.724950924659,-9.38742557043883,-5.48117394793156,2.68442095689927,1.76008421933694,223.495263603105,0.0056997382357368,0.0000169796195739631,"Cl Alessi 21"
"Alessi_24        ",7.87,496,223,260.962245198508,-62.6098632345013,-0.504647871441065,-8.95710382364664,2.04461324699264,329.106762916296,-14.6059071107367,0.00000007362287526312,"Cl Alessi 24"
"Alessi_3         ",8.8,295,115,109.34085126493,-46.3479496312348,-9.77447704616134,11.9540608846776,3.61861085093695,257.663803361631,-15.1043728790255,0.00000247693068608525,"Cl Alessi 3"
"Alessi_31        ",8.4,697,204,267.746776223231,-11.8701797312324,-1.13716038165482,-4.17691742474499,1.50332142268114,15.3479906309455,7.65923399615095,0.0000258441470010909,"Cl Alessi 31"
"Alessi_37        ",8.16,683,303,341.967593366438,46.329990655533,0.340268945218123,-1.66863711165816,1.41061132240383,101.730716866121,-11.3927881307327,0.0001655085862881,"Cl Alessi 37"
"Alessi_44        ",8.35,669,"","","","","","","","","","Cl Alessi 44"
"Alessi_5         ",7.83,419,"","","","","","","","","","Cl Alessi 5"
"Alessi_6         ",8.65,867,158,219.968098764538,-66.1260058818251,-10.5286391934983,-5.53101930262604,1.1259660092354,313.609793818384,-5.52828777329159,0.00000028113510517181,"Cl Alessi 6"
"Alessi_62        ",8.86,641,182,283.935950332096,21.5926023460145,0.263310094736351,-1.15168696963464,1.61649519797271,52.7748354529574,8.75776666218552,0.0000027634422654301,"Cl Alessi 62"
"Alessi_8         ",8.09,655,72,232.354625805279,-51.2116150485403,-5.93755320077096,-5.68309991957662,1.49362525473376,326.481794204416,4.29030437955276,0.00000147101454588882,"Cl Alessi 8"
"Alessi_9         ",8.45,213,153,265.998374561701,-46.8849085873585,9.83914939686871,-9.06303247278742,4.7789128805864,344.402614383644,-8.99961606270491,0.00000676373676794566,"Cl Alessi 9"
"Alessi_Teutsch_11",8.19,625,133,304.028339969324,52.0864554064584,-0.143392803585567,-1.28848117451268,1.55070789563523,87.43194902345,9.33797806068251,0.00000034004061390633,"Name Alessi Teutsch 11"
"Alessi_Teutsch_12",7.95,630,54,255.350236294758,-58.9846041759414,-2.2890384621693,-8.96134781862466,1.64278335476092,330.610465016957,-10.3101031360285,0.0000351290095622403,"Name Alessi-Teutsch 12"
"Alessi_Teutsch_3 ",8.06,682,125,118.303088579109,-53.0112244363363,-5.37686495688794,8.91947494933746,1.42767002631211,266.438918208762,-12.8047097607147,0.0000141656819277327,"Name Alessi Teutsch 3"
"Alessi_Teutsch_8 ",8.06,959,445,180.670608756937,-60.9017049911032,-6.64691950221958,1.66745847008769,0.982284646003486,297.036787228266,1.41077253322798,0.0000879974179234937,"Name Alessi Teutsch 8"
"VDBH_99          ",7.98,461,"","","","","","","","","","Cl VDBH 99"
"Basel_11a        ",8,1318,"","","","","","","","","","Cl Basel 11a"
"Basel_8          ",7.9,1445,"","","","","","","","","","Cl Basel 8"
"Berkeley_82      ",8.08,1311,"","","","","","","","","","Cl Berkeley 82"
"Blanco_1         ",8.03,239,512,0.719918107179977,-30.1155405145549,18.7224973647231,2.56734517277459,4.21931018569622,14.4122839603402,-78.9397109054992,0.0000086061987454425,"Cl Blanco 1"
"Bochum_4         ",7.96,1243,69,112.885759208754,-17.2403882976073,-3.01583239680425,1.88861548715161,0.766040188556407,232.785870348515,0.73569179240851,0.00000065265208572027,"Cl Bochum 4"
"COIN-Gaia_1      ",8.3,650,"","","","","","","","","","[CKS2019] COIN-Gaia 1"
"COIN-Gaia_10     ",7.78,989,30,68.4179227295689,40.5117719593354,1.89605848398321,-3.44624200026746,0.955466081195644,161.934602026061,-4.96064281088466,"","[CKS2019] COIN-Gaia 10"
"COIN-Gaia_11     ",8.9,669,181,68.1098680207878,39.5029078287579,3.4593753494815,-5.74796189057466,1.49216357199313,162.519825839343,-5.81739195607497,0.0001125325054672,"[CKS2019] COIN-Gaia 11"
"COIN-Gaia_12     ",8.74,934,117,79.1279792899498,41.7083439124968,2.50868857022583,-4.6976246963939,1.00934420885831,166.077773624943,2.0625270000675,0.0000805990930085893,"[CKS2019] COIN-Gaia 12"
"COIN-Gaia_13     ",8.28,537,350,83.3510267533283,41.9549687938415,-3.86319101814071,-1.66482723263967,1.95465493032726,167.636670754913,4.80826193227992,0.0001917272456114,"[CKS2019] COIN-Gaia 13"
"COIN-Gaia_14     ",8.68,916,"","","","","","","","","","[CKS2019] COIN-Gaia 14"
"COIN-Gaia_15     ",8.03,1141,165,76.1288728101091,35.8350903997517,0.324605500540987,-3.82743027861782,0.828710277337118,169.42319677997,-3.3008274551277,0.0002403428328991,"[CKS2019] COIN-Gaia 15"
"COIN-Gaia_17     ",8.57,1049,68,81.2197852137843,37.5627277366196,0.289190326845093,-4.28086625180544,0.889034864827935,170.402968211262,1.02116824595316,0,"[CKS2019] COIN-Gaia 17"
"COIN-Gaia_18     ",8.24,992,"","","","","","","","","","[CKS2019] COIN-Gaia 18"
"COIN-Gaia_19     ",8.05,1204,119,82.2103709660236,34.264735790698,-1.5319788802148,-4.67074229446086,0.802828275740606,173.588039762236,-0.151944269564494,0.00000000189373327216,"[CKS2019] COIN-Gaia 19"
"COIN-Gaia_2      ",8.86,1173,155,15.1031677578586,55.3920618614743,-4.43976070758172,-2.06033340162105,0.772647520708718,124.216889494392,-7.45729489420713,0.00000011440628710704,"[CKS2019] COIN-Gaia 2"
"COIN-Gaia_20     ",7.93,1016,80,78.6644957858288,31.6703794579473,0.49543685171552,-1.51854774698332,0.919238180509789,174.03583191477,-4.07321634590846,0.0030774294146707,"[CKS2019] COIN-Gaia 20"
"COIN-Gaia_23     ",8.14,918,78,87.4619112813626,26.9983867828107,-0.319879453909072,-1.01333216192128,1.05753364112674,182.141228778847,-0.203502715793273,0.00000014334271308785,"[CKS2019] COIN-Gaia 23"
"COIN-Gaia_24     ",7.93,1001,172,90.7091717364211,23.1994461807708,2.48171197302452,-2.94237970812429,0.991869179352018,186.903211311396,0.426974867510275,0.00000006151938903729,"[CKS2019] COIN-Gaia 24"
"COIN-Gaia_25     ",8.78,806,112,91.8117834024549,20.4510725324225,-0.50014281064923,-2.65223866464184,1.23144150343672,189.800624949795,-0.0270178680163581,0.0000006728994002267,"[CKS2019] COIN-Gaia 25"
"COIN-Gaia_26     ",8.27,1389,74,83.7582530363172,15.7321405141873,0.256725927895133,-2.40049413950824,0.702484243592264,189.992860989338,-9.0149728391417,0.0000000837463217452,"[CKS2019] COIN-Gaia 26"
"COIN-Gaia_27     ",8.91,1134,59,85.6490237301034,13.7375302497015,0.658499781037499,-3.5910532215158,0.925952252082524,192.67716308051,-8.48290701507897,0.0000115072057438239,"[CKS2019] COIN-Gaia 27"
"COIN-Gaia_3      ",7.77,1177,70,18.7727677715974,60.4930673921342,-2.46314348851977,-1.86618779702625,0.794238843626794,125.842702274906,-2.24493393824633,0.00000000718788322952,"[CKS2019] COIN-Gaia 3"
"COIN-Gaia_30     ",8.46,756,257,20.9961825267126,70.5765454652328,-6.2295180579013,1.97484410505914,1.37254274458754,125.655385485588,7.87709312925865,0.00000004480817879267,"[CKS2019] COIN-Gaia 30"
"COIN-Gaia_32     ",8.59,1203,31,28.1874213950849,63.0785095879077,-0.0092577291187262,-2.29874527172539,0.793210140493198,129.807044576123,1.0280813145266,"","[CKS2019] COIN-Gaia 32"
"COIN-Gaia_34     ",8.39,999,53,31.2898377430244,61.8150530882605,-2.25602366387897,0.784317006075453,1.05127762892055,131.519746949888,0.178703829762461,0.00000041270160757633,"[CKS2019] COIN-Gaia 34"
"COIN-Gaia_38     ",8.44,1237,147,51.4564410918501,51.0734080605061,2.00270534420139,-6.86196066280533,0.846138946304685,146.092363164552,-4.72148631828887,0.00000000132883876625,"[CKS2019] COIN-Gaia 38"
"COIN-Gaia_39     ",8.49,975,"","","","","","","","","","[CKS2019] COIN-Gaia 39"
"COIN-Gaia_5      ",8.06,891,55,27.4076418336839,58.0006049032827,-2.8470255349342,-0.56985960229867,1.09880588691062,130.600084116628,-4.00213845571269,0.000126714138357,"[CKS2019] COIN-Gaia 5"
"COIN-Gaia_7      ",7.79,1429,19,33.7619826528615,58.3953464643336,-1.02857870761695,-1.6542230855111,0.688932392615814,133.720278771034,-2.71420159119866,"","[CKS2019] COIN-Gaia 7"
"COIN-Gaia_8      ",8.01,708,130,39.0482762407148,49.889724374797,2.39760736647633,-2.51292389293202,1.37041822853283,139.689423050251,-9.54280556402481,0.00000007929569796414,"[CKS2019] COIN-Gaia 8"
"COIN-Gaia_9      ",8.22,845,"","","","","","","","","","[CKS2019] COIN-Gaia 9"
"Collinder_258    ",7.91,1227,65,186.819870610235,-60.7670303001449,-7.03125702962598,-0.263273923184863,0.797088986701702,299.984830125262,1.96640666930289,0.0000011465092917402,"Cl Collinder 258"
"Collinder_338    ",8.19,632,106,264.484764732903,-37.6855825265077,2.48676682205585,-1.96145535200187,1.49296762299332,351.716776123302,-3.25235099329411,0.0001299722824371,"Cl Collinder 338"
"Collinder_350    ",8.79,371,185,267.3332695424,1.42589873339698,-4.97338014197479,-0.0902062512763689,2.70957453486254,27.0122039155486,14.4481769794818,0.00000058513742737674,"Cl Collinder 350"
"Collinder_394    ",7.97,689,703,283.059984473686,-20.2351982509702,-1.48491057278291,-5.92235703990956,1.37238288104575,14.851143926678,-9.2437843048713,0.00000014432369122767,"Cl Collinder 394"
"Collinder_421    ",8.36,1167,283,305.817848593814,41.7003164461794,-3.64189516272096,-8.36238775420802,0.824334556130924,79.4470312656417,2.52994030142893,0.00000004455806689349,"Cl Collinder 421"
"Collinder_463    ",8.1,831,719,27.2771167125199,71.7334358407426,-1.74539906232372,-0.365185231066265,1.15282350196546,127.468645964561,9.37148768330839,0.00000031888593990251,"Cl Collinder 463"
"Czernik_18       ",8.72,1272,46,66.9630430070879,30.9465817761051,1.7047595091346,-3.07579834962654,0.738988897591759,168.255360185818,-12.3012999127843,"","Cl Czernik 18"
"ESO_130_06       ",8.18,793,112,181.978678612667,-59.2970314962152,-11.3095351803737,-0.802930478265075,1.22699567105966,297.392904986226,3.10584300065139,0.00000006311876796824,"ESO 130-06"
"ESO_130_08       ",8.36,1300,152,182.616626132941,-59.5065963574572,-5.94308984519345,-0.820338171334364,0.73278045400272,297.747996079289,2.95214249541403,0.00000025174668862014,"ESO 130-08"
"ESO_166_04       ",8.32,1058,49,137.583877857248,-53.8982891313031,-5.92226024377576,5.74365088085869,0.880509620138977,273.889162332099,-3.99727124252861,"","ESO 166-04"
"FSR_0238         ",7.8,1453,"","","","","","","","","","[FSR2007] 0238"
"FSR_0496         ",9.36,1376,"","","","","","","","","","[FSR2007] 0496"
"FSR_0667         ",8.88,1144,"","","","","","","","","","[FSR2007] 0667"
"FSR_0771         ",8.49,1470,75,75.916541953324,32.1775527480182,1.48378609398055,-4.25139426846036,0.583563796962283,172.239267849851,-5.65193908748948,0.00000133445624193415,"[FSR2007] 0771"
"FSR_0866         ",9.31,1211,190,103.829987794606,29.7468932459155,1.36643325804728,-0.398127514544499,0.793826704919565,186.323129646064,13.847187699952,0.00000006160818551836,"[FSR2007] 0866"
"FSR_0905         ",8.62,1375,86,98.4536509415909,22.332622194936,1.83586842336642,-3.81931501433546,0.644333262755567,191.040716210043,6.31674926589459,0,"[FSR2007] 0905"
"FSR_1723         ",8.28,1441,71,238.775134444994,-46.0131192870795,-0.243296481484363,-1.39687224690084,0.625458402586195,333.029779841174,5.8506876480332,0.00000000004870727077,"[FSR2007] 1723"
"Ferrero_1        ",8.41,856,92,275.005646747693,-32.3562197573531,0.179391871473372,-4.81197229585684,1.15487253119498,0.635441623283596,-8.1232235119329,0.00000000131242739626,"Cl Ferrero 1"
"Ferrero_11       ",8.46,806,94,93.6618269295452,0.662449574530659,-2.99737644509733,-4.35968139284414,1.23586800898832,208.115636758926,-7.87283574430163,0.00000025123516100179,"Cl Ferrero 11"
"Gulliver_11      ",8.52,885,63,67.9712429541687,43.6604490179647,0.273839676258876,-2.35495944876619,1.04636525572894,159.392450097094,-3.06494389438441,0.00000403161662438616,"Cl Gulliver 11"
"Gulliver_13      ",9.03,1466,64,104.852442641473,-13.248615947243,-2.91863907192288,0.296404621395977,0.62314452789683,225.641516867992,-4.26524391866189,0.00000025082583456725,"Cl Gulliver 13"
"Gulliver_14      ",8.82,1204,30,259.956203629073,-36.7021654611066,-3.75098879011449,-4.79467230084952,0.74784305426983,350.540411475569,0.29656734788701,"","Cl Gulliver 14"
"Gulliver_20      ",8.26,424,95,273.864848751514,10.4156353542843,1.02322858078613,-6.50936893078319,2.34647113010602,38.2709482362722,12.667091837047,0,"Cl Gulliver 20"
"Gulliver_21      ",8.46,661,194,106.909680214946,-25.4935689101571,-1.88678520384576,4.21470138894342,1.55784907921221,237.526884023804,-8.02007627591949,0.00000009776627324743,"Cl Gulliver 21"
"Gulliver_24      ",8.28,1443,44,1.12136142365227,62.8237694699632,-3.22601646546173,-1.58034099643979,0.66233093128431,117.600358307612,0.439067024302909,"","Cl Gulliver 24"
"Gulliver_25      ",8.56,1307,81,51.9827627754215,45.2130155610313,0.909067836476734,-4.14907666748216,0.741577756626948,149.709268740564,-9.36790948999092,0.0000187672332658234,"Cl Gulliver 25"
"Gulliver_28      ",8.56,621,68,293.395804407393,18.0821397728227,-4.43005130742515,-3.47685586897389,1.59336471656607,53.7577390272798,-0.754978326747316,0.000132640412133,"Cl Gulliver 28"
"Gulliver_33      ",7.7,1080,"","","","","","","","","","Cl Gulliver 33"
"Gulliver_36      ",8.89,1270,128,123.087592610101,-35.1005059756276,-0.239643095575196,0.654331495251367,0.738796435994902,252.781785110843,-0.597950693450013,0.00000027926906770279,"Cl Gulliver 36"
"Gulliver_37      ",8.55,1381,32,292.085876734508,25.3637684321665,-0.771363329110378,-3.73390021502261,0.656885132954346,59.5659949443865,3.80637690043399,"","Cl Gulliver 37"
"Gulliver_44      ",8.74,1187,169,127.281812635939,-38.0991527017897,-0.638374286470838,2.37167158963233,0.812723469068577,257.161168088424,0.471083806162345,0.00000103489831405239,"Cl Gulliver 44"
"Gulliver_51      ",8.57,1484,88,30.3347194327596,63.7866182910324,-4.96011730427135,-0.230973705168349,0.6672454255415,130.558808818033,1.95477221526849,0.00000006852168185423,"Cl Gulliver 51"
"Gulliver_54      ",8.48,1154,31,81.2472978233298,33.6896866809008,-0.506184369500339,-7.24819362889131,0.841310750275866,173.62023588387,-1.13553477961835,"","Cl Gulliver 54"
"Gulliver_57      ",8.68,1351,73,141.192680447998,-48.0509951357918,-6.69967309654146,4.13535417066216,0.74374546340233,271.291112025532,1.71121065425108,0.00000032240558432728,"Cl Gulliver 57"
"Gulliver_60      ",7.98,1038,286,303.431961086997,29.6553271930275,1.75138163400654,0.170652974133129,0.899360140809812,68.397216923106,-2.645697835926,0.0002154750857826,"Cl Gulliver 60"
"Harvard_10       ",8.36,703,362,244.809300866618,-54.9558525802517,-1.97420481210583,-10.6588594026777,1.45940415786877,329.864601002466,-3.34451031995109,0.0001731798568104,"Cl Harvard 10"
"Harvard_13       ",8.96,1269,278,255.998850513787,-48.1350013187488,-2.8809443834407,-7.18876456203761,0.849343760709745,339.579313348176,-4.08387165280842,0.00000008579884912691,"Cl Harvard 13"
"IC_2488          ",8.22,1292,512,141.902015204477,-56.9920145824206,-7.73596195510422,5.74682294409916,0.731014732877667,277.821762679438,-4.41585112874253,0.00000008683993617282,"IC 2488"
"IC_2714          ",8.73,1322,721,169.34006718613,-62.7239537073482,-7.5846257233889,2.68208836796499,0.734366520375058,292.389119057873,-1.79385934962046,0.00000002153976305194,"IC 2714"
"IC_4651          ",9.22,962,846,261.19788337743,-49.9288693014068,-2.42470391214505,-5.04907310190509,1.06160598011372,340.089647817064,-7.90098039458599,0.00000000140848249042,"IC 4651"
"IC_4725          ",8.05,686,726,277.929595738531,-19.1250327784684,-1.69399230408689,-6.14140066006119,1.51348515858297,13.6878928269447,-4.42379765145692,0.0000000029554707386,"IC 4725"
"IC_4756          ",9.12,501,510,279.634259960125,5.47661372182124,1.23283603178488,-4.95352555140845,2.09745278351012,36.3524229134777,5.35704372679093,0.00000015554568309483,"IC 4756"
"King_6           ",8.32,738,"","","","","","","","","","Cl King 6"
"FoF_1800          ",8.55,1346,177,337.791601453244,58.0356139816541,-4.5582081749841,-2.7152152045089,0.707226892944538,105.224251787539,0.0699641899491901,0,
"FoF_2000          ",8.37,1263,125,319.125782994883,57.4740199726624,-3.11008392986247,-4.48714142636621,0.70416762367538,97.0978774884139,5.81934258896194,0,
"FoF_2117          ",8.83,1463,467,282.331730950183,-4.51509715823949,1.10061085529004,0.0428525069279727,0.607703211594473,28.6722414468315,-1.58865828902676,0.00000052559790541339,
"FoF_2139          ",8.46,1065,218,67.6592647629624,46.3145664500608,0.256585871892223,-4.26252723092606,0.8891790286657,157.304370684544,-1.4096901388643,0.0001951765994313,
"FoF_2198          ",9.36,1171,102,107.497567600811,4.65130114668129,0.667899149878954,-0.979018277317897,0.828233034621385,210.889958734512,6.24067774619842,0.00000024952664780194,
"FoF_2210          ",8.16,1354,"","","","","","","","","",
"FoF_2219          ",8.12,1403,165,130.816124441247,-45.8630992201778,-5.02173377128624,4.67578146198524,0.670949764407237,264.941866495633,-2.10330458084065,0.00000004795431329483,
"FoF_2220          ",8.69,1308,164,127.437177499936,-41.3310381181003,-1.77593160576105,1.11061355429376,0.732396352978567,259.848980218596,-1.32780976663571,0.00000217331116809733,
"FoF_2238          ",8.46,1151,72,167.723839029499,-56.8072290790157,-7.45169777539091,0.738097363844661,0.847548798644017,289.460964487062,3.41168123701241,0.00000175542679891753,
"FoF_658           ",9,1490,96,95.2632795013036,-3.48737325474641,-1.48918245532395,1.57948567219253,0.668255642459949,212.582813749478,-8.34695543343697,0.0026056355140726,
"Loden_1194       ",8.4,688,26,212.026448829682,-59.8644549593451,-7.80510257994943,-4.61783770606935,1.35330461953315,312.423143151739,1.58696421863258,"","Cl Loden 1194"
"Loden_46         ",8.92,1078,"","","","","","","","","","Cl Loden 46"
"Lynga_2          ",8.03,946,142,216.045964699654,-61.325493132462,-6.75118231478808,-4.66763846935818,1.04181240274012,313.822131722158,-0.430252041972337,0.00000015217226759439,"Cl Lynga 2"
"Mamajek_4        ",8.57,454,340,276.808318805484,-50.7601838668951,4.42427622593419,-21.4213870847593,2.21695609761686,344.08625683887,-17.0864715591452,0.0000105870335386232,"Cl Mamajek 4"
"Melotte_111      ",8.81,85,244,186.181421682063,26.1538598140855,-11.9963857387376,-8.76265213523652,11.6515123869483,220.694047069617,83.9527189801984,0.0000707641539808822,"Cl Melotte 111"
"Melotte_20       ",7.71,171,756,51.7716903934071,49.0500591817831,23.0172285363258,-25.4341717982683,5.77047391390553,147.398632666067,-6.28492383234101,0.00000002199061842288,"Cl Melotte 20"
"Melotte_22       ",7.9,128,1222,56.7424510501089,24.093478715572,19.9594601379017,-45.3982747895239,7.35427832347186,166.582116733446,-23.5429599786394,0,"Cl Melotte 22"
"NGC_1027         ",8.33,1096,396,40.7381909426889,61.6237866983054,-1.78998579444573,2.03402104981709,0.903677530500373,135.77694262012,1.56501975103704,0.00000003340669794127,"NGC 1027"
"NGC_1039         ",8.15,525,670,40.4941516781569,42.7346089557672,0.65619360964038,-5.78801281537284,1.99808713188997,143.651640102314,-15.6461908054182,0.0000191809331573084,"NGC 1039"
"NGC_1342         ",8.93,675,520,52.982045782423,37.4036317993037,0.422953693629007,-1.68008812483654,1.51974865701504,154.983992641652,-15.2856990285782,0.00000008626088655511,"NGC 1342"
"NGC_1513         ",8.56,1479,433,62.4762148287767,49.4936457239527,1.31792713242171,-3.69857613665353,0.673428041190403,152.598933194563,-1.59498097268601,0.000000015202541529,"NGC 1513"
"NGC_1528         ",8.49,1042,401,63.8904813777501,51.2213106742222,2.13338260258966,-2.27335674397674,0.986054911998993,152.072649848231,0.281637064859375,0.0001007157352267,"NGC 1528"
"NGC_1545         ",8.08,718,231,65.2268524263358,50.2050762975648,-2.03270723845695,-0.108573426870906,1.40663077876039,153.387985739042,0.145365005025726,0.00000005488687536983,"NGC 1545"
"NGC_1582         ",8.37,966,194,68.0245334098255,43.677846068629,2.15518982241095,-1.40539109110447,1.02077760250268,159.406038132219,-3.02488868205356,0,"NGC 1582"
"NGC_1647         ",8.59,625,677,71.5271374940436,19.128117471001,-1.07353703963359,-1.54124530145744,1.68249349326136,180.354500283524,-16.7278338603555,0.00000000895618420654,"NGC 1647"
"NGC_1662         ",8.91,423,285,72.1692047259635,10.8300762740484,-1.09200813626516,-1.96851205140544,2.43428781562983,187.822825943355,-21.1295892791221,0.00000005738321749704,"NGC 1662"
"NGC_1664         ",8.72,1302,525,72.768750183319,43.6854747037507,1.61477152247649,-5.79930532305277,0.748914342893395,161.665865407405,-0.442821547763684,0.00000001567891826487,"NGC 1664"
"NGC_1708         ",8.47,943,149,75.8658449118598,52.9099601800092,0.174087472218246,-1.43290026985456,1.04398018985588,155.703300640616,6.89893787706473,0,"NGC 1708"
"NGC_1750         ",8.45,714,400,75.9088709158241,23.695080396764,-1.00755159428203,-2.40716016803606,1.39605328242322,179.109304456075,-10.7259697236759,0,"NGC 1750"
"NGC_1758         ",8.47,866,212,76.172580634781,23.8208129928812,3.12612329562618,-3.49269159822054,1.11850106635275,179.150610685992,-10.4568682714126,0,"NGC 1758"
"NGC_189          ",8.62,1198,171,9.87281985467767,61.0865643760919,0.314542141271722,-3.35567723222587,0.772698768559015,121.487732806362,-1.75168158708691,0.00008671864030513,"NGC 189"
"NGC_1901         ",8.95,422,150,79.3908356720849,-68.3298717023037,1.70301187348175,12.7093478941687,2.40822140079294,278.911288577418,-33.6857007592474,0.0000000379952539047,"NGC 1901"
"NGC_1912         ",8.48,1078,799,82.157474640661,35.8246929793982,1.54854820966552,-4.42729394073236,0.889499988130093,172.265082826108,0.675819925150094,0.00000001168323551698,"NGC 1912"
"NGC_1977         ",7.99,401,"","","","","","","","","","NGC 1977"
"NGC_2099         ",8.65,1384,2147,88.0624441082946,32.5437040829925,1.8794014766772,-5.61667288932158,0.674464182905968,177.638329402519,3.07735843442636,0.00000000088843769541,"NGC 2099"
"NGC_2112         ",9.32,1118,876,88.4522908759165,0.38794883148842,-2.71083780606539,4.28935430985561,0.897521164758662,205.899465681293,-12.6119444340367,0.00000001641077341251,"NGC 2112"
"NGC_2126         ",8.99,1265,202,90.6377505662606,49.8825525649086,0.821747356593526,-2.58914507963357,0.759399683667559,163.223659583387,13.1382440907855,0.0004282270212249,"NGC 2126"
"NGC_2168         ",8.19,888,1538,92.2976395622108,24.3181768025093,2.24587139975912,-2.90654634506191,1.14770187030267,186.636232411893,2.24187446665624,0.00000003063607422083,"NGC 2168"
"NGC_2184         ",8.82,577,102,91.6680644088499,-2.03760973646853,-0.645133977234387,-0.250671056645743,1.7205456720317,209.615998806843,-10.8850352947459,0,"NGC 2184"
"NGC_2215         ",8.85,959,134,95.2266216905222,-7.28702707982447,0.420479433982815,-3.65495715215784,1.02364073363351,216.006623499779,-10.0841700119934,0.00000004446332466497,"NGC 2215"
"NGC_225          ",8.47,668,305,10.7464221920024,61.7727420066346,-5.34893087627147,-0.245588042954637,1.42822119505572,121.932504548126,-1.08260521603424,0.00000008901398582741,"NGC 225"
"NGC_2251         ",8.44,1462,134,98.6701627145114,8.34881612687302,0.659089095528058,-3.82920802223644,0.666657230798155,203.59826299174,0.107823174824929,0.00000000883536691955,"NGC 2251"
"NGC_2281         ",8.8,537,443,102.105922006523,41.0630834105618,-2.97405947545328,-8.27536053407523,1.92737261100862,174.926378870862,16.9002093661848,0.0002174016841626,"NGC 2281"
"NGC_2287         ",8.25,678,660,101.508535257181,-20.7283225010501,-4.36551393054191,-1.36324986342825,1.3520725018992,230.995221356639,-10.4288272394792,0.00000003760223276381,"NGC 2287"
"NGC_2301         ",8.32,832,653,102.944070835292,0.4540678682556,-1.35487268714871,-2.19263320816999,1.15043598461597,212.566373141899,0.282329000707894,0.00000003723519255947,"NGC 2301"
"NGC_2302         ",8.06,1226,67,102.97634416611,-7.09208313241125,-1.5126217711659,-0.257635097002227,0.824392956760958,219.303134711949,-3.12395888647556,0.00000015939855690553,"NGC 2302"
"NGC_2318         ",8.65,1347,176,104.876997055854,-13.8924548290945,-1.75845129471408,-2.15131937793936,0.71550094723612,226.228384630452,-4.5348961603938,0.00000011494556173755,"NGC 2318"
"NGC_2323         ",8.16,966,280,105.700680762454,-8.34626811922527,-0.829980750441222,-0.634992647196241,1.00924581409831,221.650870387223,-1.29159841027693,0.00000066940992090767,"NGC 2323"
"NGC_2343         ",7.96,1055,180,107.0000583915,-10.6177297707905,0.252968007775835,-0.168669259257418,0.913262629055248,224.257737891675,-1.19511663087196,0.00000005637068453018,"NGC 2343"
"NGC_2353         ",8.03,1186,201,108.642415796061,-10.2381854682834,-1.09246411372848,0.77139726337974,0.822656529608719,224.668104594288,0.412560844487929,0.00000006761120798072,"NGC 2353"
"NGC_2354         ",9.16,1329,337,108.451573206675,-25.7287370169236,-2.86366855954917,1.85783146572102,0.778020875376464,238.366238372475,-6.88172478720469,0.0001903462506963,"NGC 2354"
"NGC_2358         ",8.83,888,107,109.299717786978,-17.1630617747405,-1.3384464835208,0.580128590232018,1.06471909025689,231.095826765351,-2.24516642577208,0.00000090011191673231,"NGC 2358"
"NGC_2360         ",9,1093,773,109.440200059178,-15.6388607102405,0.376351996568917,5.62952422066635,0.92432109554999,229.80950547442,-1.41544123129939,0.00000001002181722709,"NGC 2360"
"NGC_2374         ",8.49,1181,105,111.030554100644,-13.236490107435,-4.62790950062858,0.695009540101324,0.765060516773894,228.412694454895,1.07297214647192,0.00000137737263969222,"NGC 2374"
"NGC_2396         ",7.88,1409,102,112.045451562083,-11.76861695317,-1.46636902932712,-0.205517546234692,0.65968564640329,227.590202413046,2.64160012837898,0.00000005584860383795,"NGC 2396"
"NGC_2422         ",8.05,497,615,114.168756302802,-14.5102098280623,-7.03642884317867,1.05543461355698,2.10575669512772,230.992451635871,3.13656977273744,0.00000001547025302922,"NGC 2422"
"NGC_2423         ",9.05,923,411,114.293648858273,-13.8682968778381,-0.752850157780676,-3.5755319408931,1.05078223925426,230.489391528078,3.55430943795252,0.0000629067288551184,"NGC 2423"
"NGC_2428         ",8.87,1292,216,114.812995951968,-16.5329316928518,-3.2956619747196,2.49002068855532,0.708006908819284,233.063557190106,2.69125289265804,0.00000001025209339114,"NGC 2428"
"NGC_2437         ",8.5,1466,2109,115.458832146563,-14.8475592671628,-3.86025205694789,0.400402973491218,0.579431460341723,231.898547377026,4.06040155483529,0.00000001944937454018,"NGC 2437"
"NGC_2447         ",8.79,992,771,116.138946763694,-23.8478898284168,-3.56704414052898,5.07738769678097,0.988798370717355,240.037396820232,0.150026310818249,0.00000001584566038529,"NGC 2447"
"NGC_2448         ",8.01,1104,155,116.010417094743,-24.8763573967523,-3.38405994192518,2.95186628205129,0.897696505306727,240.870035725729,-0.464935616692851,0.00000028204933705901,"NGC 2448"
"NGC_2477         ",9.05,1415,2699,118.055161239457,-38.5350950039062,-2.4281971008567,0.900619512593774,0.686804293841521,253.573094670286,-5.83113229397278,0.00000001579295215466,"NGC 2477"
"NGC_2482         ",8.56,1247,133,118.738861738753,-24.2925600977587,-4.65847516520038,2.25332620837166,0.723724215532555,241.626288165149,1.96913439718864,0.0000595959275706262,"NGC 2482"
"NGC_2516         ",8.37,419,1926,119.520391740424,-60.7804164834475,-4.62072023613626,11.22112088493,2.4274899557332,273.841584373652,-15.8667475311895,0.0000179897362849971,"NGC 2516"
"NGC_2527         ",8.86,654,367,121.195675395647,-28.1598059810899,-5.56370409497004,7.31101686421098,1.5681251491731,246.076779290993,1.81368416061119,0.0000796006470816837,"NGC 2527"
"NGC_2539         ",8.85,1195,597,122.637026173426,-12.8438034904444,-2.32556242674841,-0.538066222733824,0.762700007282639,233.718582603603,11.0839670908427,0.00000009354330161241,"NGC 2539"
"NGC_2546         ",8.16,913,418,123.108030804572,-37.6451057172275,-3.7091773931817,3.92147133381906,1.0557509461003,254.916864722759,-1.98331304759902,0.0000181520539923282,"NGC 2546"
"NGC_2548         ",8.61,759,610,123.3850695444,-5.74025887233162,-1.27975035423883,1.0434152667322,1.30575390240588,227.840850487761,15.3598765599852,0.00000003240979901778,"NGC 2548"
"NGC_2632         ",8.84,182,812,130.059275349724,19.6214397428245,-35.9112942067916,-12.8956483986056,5.41592832825393,205.954055669797,32.4326230519676,0.0000000478293045361,"NGC 2632"
"NGC_2669         ",8.13,1096,255,131.60987202293,-52.9412884884135,-4.11131359127274,4.67627377181423,0.866141387489116,270.836502327055,-6.07951232513992,0,"NGC 2669"
"NGC_2670         ",8.09,1456,208,131.403927844395,-48.8013276434813,-5.34855861438863,3.69216981034279,0.661245787587676,267.498309345245,-3.61093686687166,0,"NGC 2670"
"NGC_2671         ",8.56,1331,463,131.553334743412,-41.883432169224,-1.51989683401731,1.01335588342205,0.708980127290954,262.153221810277,0.785619294040966,0.00000001064720606893,"NGC 2671"
"NGC_2682         ",9.62,873,1297,132.855010259157,11.8126676853644,-10.9686151169158,-2.91939340430609,1.15036272693834,215.696933047964,31.9282415782064,0.00000000407658862372,"NGC 2682"
"NGC_2910         ",8.13,1234,219,142.64102268803,-52.9217748122073,-6.75454116215992,6.13764258156763,0.768215785892584,275.32370501626,-1.17199811370421,0,"NGC 2910"
"NGC_2925         ",8.13,724,208,143.306418547073,-53.3993545913094,-8.52122195931702,5.38379966275842,1.2951865758176,275.941193554521,-1.25021834707939,0.0000004195529902061,"NGC 2925"
"NGC_3114         ",8.16,992,1430,150.485663631299,-60.018427728886,-7.33759773807453,3.84342481232821,0.97087776169474,283.204869310136,-3.80750930257815,0.0000000443044752247,"NGC 3114"
"NGC_3532         ",8.6,498,1999,166.456035528468,-58.6799933298953,-10.3974642853046,5.23807054966357,2.09628009762071,289.562514467623,1.42310621467059,0.00000001119242281668,"NGC 3532"
"NGC_3680         ",9.33,1045,136,171.363930711756,-43.2251243776829,-7.25094882094326,1.24637942473143,0.957132992581782,286.725841355713,16.9245356443079,0.00000003345172170525,"NGC 3680"
"NGC_381          ",8.63,1139,180,17.1094964818007,61.5782860143207,1.60006695756192,-2.34702382773913,0.858616919534813,124.953775800708,-1.22670850438669,0.00000012579581156404,"NGC 381"
"NGC_4609         ",7.92,1379,211,190.538380370939,-62.9904140740705,-4.8935552392296,-1.00916978911499,0.690131973230307,301.878042655773,-0.137663923619981,0.000000136224747503,"NGC 4609"
"NGC_4852         ",7.97,1225,140,195.045860949257,-59.6035899943915,-8.17993958637294,-1.13045140325222,0.770277932570546,304.039765943083,3.24934664108434,0.00000000541214943536,"NGC 4852"
"NGC_5316         ",8.28,1401,190,208.478523478172,-61.8783786546529,-6.34094181914149,-1.49567870909416,0.676268461390584,310.222702781699,0.105781605137342,0.00000017557495794873,"NGC 5316"
"NGC_5460         ",8.23,712,191,211.865791376963,-48.3294123286442,-6.63244724965525,-3.38485546069289,1.36530653280064,315.752621613757,12.6407410533149,0.0000653138733440464,"NGC 5460"
"NGC_5593         ",7.97,1002,78,216.264207729225,-54.7899497047673,-5.80772440720786,-2.05629567478079,0.968715575802587,316.237564015348,5.64509051311766,0,"NGC 5593"
"NGC_5662         ",8.31,749,374,218.877613264894,-56.7128996828457,-6.47133511734658,-7.17634880001267,1.28579259476257,316.886479755819,3.3125589985322,0.00000040653096001893,"NGC 5662"
"NGC_5749         ",7.75,1091,54,222.313632733322,-54.4877894861389,-2.76359001557892,-3.05730509008087,0.899406645735464,319.58211536262,4.53034220715961,0.0001048739377766,"NGC 5749"
"NGC_5822         ",8.98,838,647,225.886740950374,-54.3440662041849,-7.48395888052804,-5.49527402084351,1.19662843055878,321.496520961512,3.69566961849706,0.00006992151389356,"NGC 5822"
"NGC_5925         ",8.72,1358,279,231.821535845243,-54.5530056786225,-4.35832202649747,-5.11099117131225,0.687533660592296,324.329551936136,1.71163561557352,0.00000021512811917637,"NGC 5925"
"NGC_6025         ",8.05,739,360,240.814734597962,-60.4221295284878,-2.96506860571102,-3.04165038993936,1.29111947780464,324.554942247429,-5.87487210711655,0.0002654571972921,"NGC 6025"
"NGC_6087         ",8.01,929,380,244.701927527217,-57.9142938413722,-1.62863294297192,-2.41484182281808,1.03743793991616,327.737990371742,-5.40854848031445,0.00000000234573298523,"NGC 6087"
"NGC_6124         ",8.3,646,1321,246.305192876421,-40.6625165381099,-0.21383409791245,-2.13265511040507,1.60435135355123,340.719174323421,6.02513803589947,0.00000000068151429659,"NGC 6124"
"NGC_6134         ",8.99,1155,791,246.960862164344,-49.1452126713739,2.14215615990376,-4.44334726527618,0.873084584593226,334.930386076902,-0.202209894692439,0.0000190129807233583,"NGC 6134"
"NGC_6167         ",8.23,1295,"","","","","","","","","","NGC 6167"
"NGC_6204         ",8.06,1198,148,251.545461390365,-47.0280216364812,-0.719099778441578,-0.627637276757502,0.833543146032929,338.554626756712,-1.05105504625107,0,"NGC 6204"
"NGC_6208         ",9.17,1182,334,252.35069018061,-53.7171457405449,-0.993679098022436,-1.52735634344685,0.837988584951888,333.757117080148,-5.75046505651143,0.0000623109097877551,"NGC 6208"
"NGC_6242         ",7.92,1209,481,253.867667195847,-39.4719986147082,1.11184133243295,-0.871776714001969,0.756947649403537,345.450697571214,2.47109743597527,0.00000005391932319435,"NGC 6242"
"NGC_6281         ",8.71,532,568,256.20453905921,-37.9384969564884,-1.89918355939443,-4.04945366303275,1.88807118829494,347.783732603973,1.9794792876884,0.00000521686553664464,"NGC 6281"
"NGC_6400         ",8.53,1162,"","","","","","","","","","NGC 6400"
"NGC_6416         ",8.39,995,190,265.942749606726,-32.3319338093824,-1.95546944823894,-2.35066430962646,0.934850883770576,356.896641219526,-1.43543083324112,0.0000001339746747204,"NGC 6416"
"NGC_6425         ",8.68,956,164,266.750416276966,-31.5016931220545,3.78773674259833,-1.69149244332244,0.990368913967224,357.962833746813,-1.58806998995587,0,"NGC 6425"
"NGC_6475         ",8.35,283,1147,268.434309063775,-34.8787128137953,3.06727802031303,-5.40417186585695,3.59126024405335,355.774968340462,-4.52347353632994,0.00000019215179432146,"NGC 6475"
"NGC_6494         ",8.61,727,870,269.256383325871,-19.0269119588818,0.299220867212647,-1.83720507331615,1.36732534290958,9.85242165512876,2.82169924183686,0.0001490362149949,"NGC 6494"
"NGC_6568         ",8.95,1054,60,273.219585575462,-21.6148558335131,0.559136210715326,-1.40375808246683,0.918390941530755,9.41616619761812,-1.68562339261887,0,"NGC 6568"
"NGC_6633         ",8.85,420,337,276.791359980526,6.78574345477243,1.23698758593248,-1.81267653640825,2.54544320942795,36.2526560935007,8.47048569644193,0.0001267078922434,"NGC 6633"
"NGC_6709         ",8.31,1016,337,282.84255663036,10.3165137718475,1.45913492127536,-3.52749277129799,0.899363112794347,42.1265551248717,4.69886904836799,0.0002037755958059,"NGC 6709"
"NGC_6716         ",8.02,692,568,283.554886243859,-19.8894338392508,-1.47335398691715,-5.96179994898913,1.38751325779241,15.370659244018,-9.51383802894368,0.00000032624654299061,"NGC 6716"
"NGC_6793         ",8.49,618,242,290.833193442811,22.1445651228415,3.78910279309632,3.54418991689634,1.67872306699961,56.1802936342898,3.29801642921678,0.00000010888076629373,"NGC 6793"
"NGC_6800         ",8.64,984,119,291.692333986563,25.0653943517609,0.428995838945773,-0.864862654801213,0.953215396970878,59.1336757902607,3.97887776729733,0.0000009240420145383,"NGC 6800"
"NGC_6811         ",9.04,1128,347,294.341972356848,46.3515859632421,-3.35062143510659,-8.82284137293463,0.88157980534963,79.1837477125411,11.98511117744,0.00000004273475900975,"NGC 6811"
"NGC_6866         ",8.81,1363,315,300.945665501301,44.1713367204006,-1.37456464139146,-5.77084306666849,0.687025114839739,79.5588605529675,6.86657754483363,0,"NGC 6866"
"NGC_6940         ",9.14,1075,619,308.626456682718,28.2485494937262,-1.94134512204944,-9.43009054775522,0.958553840629715,69.8414310592549,-7.18048452383672,0.0000489566944031301,"NGC 6940"
"NGC_6991         ",9.21,569,263,313.630913755825,47.4303725810969,5.61716566595933,8.39169510153499,1.77458897786072,87.3778332009938,1.59228852252312,0.0000551015346096324,"NGC 6991"
"NGC_6997         ",8.81,877,386,314.136964701551,44.6081230938418,-4.29317340773454,-6.9183530565688,1.13351852517855,85.4522116782649,-0.500844564169476,0.0000142050026175283,"NGC 6997"
"NGC_7024         ",8.37,1172,115,316.569706664899,41.5400373568426,0.0084481492116521,-4.46721813179968,0.826107753551901,84.3191888307468,-3.86039543181833,0.0001700560656374,"NGC 7024"
"NGC_7031         ",8.27,1398,219,316.812972531057,50.8823334327488,-1.24812820269566,-4.28278172258149,0.716372579648244,91.3470415903165,2.30179960250523,0.00000006204284160877,"NGC 7031"
"NGC_7063         ",8.01,649,149,321.107273774781,36.4780042475654,1.51241423332444,-2.52433449800464,1.4925267390087,83.063536791996,-9.90001803376424,0.00000004524294461418,"NGC 7063"
"NGC_7082         ",7.81,1303,249,322.127571228666,47.1070200258128,-0.300013436001146,-1.18110558666772,0.732206365431856,91.0896640592868,-2.82846106184629,0.00000063439039545432,"NGC 7082"
"NGC_7092         ",8.6,308,229,323.052001970709,48.2297997738316,-7.40028710367785,-19.7713917693661,3.35390443788909,92.3136757581562,-2.43720769791146,0.0001039762605064,"NGC 7092"
"NGC_7209         ",8.66,1125,502,331.25805516083,46.5217867867633,2.30874101015144,0.257578834546524,0.810559071715086,95.5074674462678,-7.29913256731152,0,"NGC 7209"
"NGC_7243         ",8.18,864,377,333.752904751296,49.7946741305695,0.44370154187945,-2.88923084595192,1.12781226912054,98.7818304146652,-5.59843995805687,0.00000008734752989876,"NGC 7243"
"NGC_743          ",8.06,1138,222,29.5888370655928,60.10566429664,-0.0720245253164378,-1.68514288329683,0.890239924864687,131.183971023727,-1.68957830743547,0.00000015052282380603,"NGC 743"
"NGC_744          ",8.21,1329,100,29.6445098184855,55.4586094650962,-1.83698653137482,-1.88532606692442,0.714064463396368,132.411403471118,-6.17257531688671,0.00000001181248409512,"NGC 744"
"NGC_752          ",9.08,478,339,29.2604091163329,37.7835819573681,9.7722818245877,-11.8438727632575,2.27927250099694,136.99281142036,-23.2903778207156,0.000125393547418,"NGC 752"
"NGC_7762         ",9.31,872,606,357.508931777,68.0438969354055,1.48809273993899,3.97158770636285,1.03192444209943,117.22163354584,5.85550394806542,0.00000001464450108985,"NGC 7762"
"NGC_886          ",8.92,1000,267,35.9627948540079,63.7878942014949,3.11765420603691,-4.05231987155443,0.972146908320471,132.924055715484,2.72351687886615,0.00000024918184340168,"NGC 886"
"Pismis_4         ",8.12,681,173,128.819536077587,-44.4918150957701,-8.18231915097524,5.39054228213722,1.42914087649768,262.996036114478,-2.38674079120203,0.00000045710536684735,"Cl Pismis 4"
"Platais_10       ",8.05,240,44,205.326008455474,-59.1887358403554,-30.1549015216602,-10.4039067549909,4.18352936903431,309.289276187174,3.06611539425086,"","Cl Platais 10"
"Platais_3        ",8.25,177,115,68.1070432091973,71.2258322939349,4.01259544282467,-20.6460860594203,5.59071008784598,138.864498044232,15.5718849526643,0.00000041798049398857,"Cl Platais 3"
"Platais_9        ",7.7,172,125,138.373992964661,-43.541764906564,-24.2077531644221,13.2423170166515,5.3802069941444,266.696025140804,3.47661284256343,0,"Cl Platais 9"
"RSG_1            ",8.08,341,156,75.5286381007397,37.4807214754433,0.702604314391199,-12.4192804194442,3.03715265746887,167.821817646332,-2.68235175310266,0.00000071896915306365,"RSG 1"
"Roslund_5        ",8.01,539,171,302.555681690067,33.7510819818239,2.08678463269107,-1.19360536313292,1.85387479419907,71.4125174599561,0.225612540869497,0,"Cl Roslund 5"
"Roslund_6        ",7.96,371,314,307.468430611362,40.078132460044,5.95889044981174,2.16619139003059,2.82318929725169,78.8486858164619,0.572803355211966,0,"Cl Roslund 6"
"Roslund_7        ",8.21,1168,243,313.126093057204,37.9394240685862,1.74933456197492,-0.404425671585642,0.777174210846979,79.8532566603833,-4.21059925875336,0.0002151487297949,"Cl Roslund 7"
"Ruprecht_1       ",8.49,1480,180,99.0941667629501,-14.1775293757673,-0.303783347082955,-0.908096281025596,0.651447114999407,223.98309946,-9.69178288345556,0.00000061266940006813,"Cl Ruprecht 1"
"Ruprecht_108     ",7.93,968,"","","","","","","","","","Cl Ruprecht 108"
"Ruprecht_111     ",8.99,1392,194,218.983883391877,-59.9966394948915,-7.2647004657975,-6.08752057695551,0.68152723104715,315.651854389115,0.268943352896762,0.0000000172332455172,"Cl Ruprecht 111"
"Ruprecht_135     ",8.84,1026,70,269.496426246864,-11.652308720871,1.44004314022027,-1.45402377709893,0.897258189616027,16.3924643783544,6.27839095802668,0,"Cl Ruprecht 135"
"Ruprecht_145     ",8.91,620,267,282.655012478797,-18.3070986279428,8.3481494050734,-4.09579573000152,1.65305759972885,16.4385901693513,-8.06021918893078,0.0000557589122290748,"Cl Ruprecht 145"
"Ruprecht_147     ",9.49,320,180,289.081900947748,-16.3096767632828,-0.870462967989471,-26.602479147497,3.27018484598329,20.9492225798616,-12.7463801715518,0.00000022284163973042,"Cl Ruprecht 147"
"Ruprecht_151     ",8.69,1096,47,115.29313860831,-16.2935954579077,-4.21860285310658,3.36717765763668,0.911735364532742,233.081323636543,3.20999843878986,"","Cl Ruprecht 151"
"Ruprecht_161     ",8.04,884,83,152.262386707315,-61.2508087496088,-10.3921260513111,3.81791611547481,1.11090000929697,284.639519963477,-4.28662757883536,0,"Cl Ruprecht 161"
"Ruprecht_171     ",9.45,1476,912,278.003874371024,-16.0596914230436,7.70857877671954,1.08579411595273,0.632789880500714,16.4504252184923,-3.08111745983064,0.00000000616437440367,"Cl Ruprecht 171"
"Ruprecht_19      ",7.89,1359,49,111.529801959418,-21.8335075715244,-2.59892008553668,3.84220160531607,0.688533643252141,236.210713584418,-2.58173263251617,"","Cl Ruprecht 19"
"Ruprecht_91      ",8.16,1043,260,161.984100774926,-57.4707420413498,-11.2412000699058,2.45632427128392,0.949609226679086,286.907688326108,1.50734085783084,0.00000070229950149921,"Cl Ruprecht 91"
"Ruprecht_98      ",8.7,501,118,179.639485853749,-64.5977087982554,-4.10809172633325,-8.64040888026683,2.1046361268829,297.29747434109,-2.30600881625936,0.0000056658299638532,"Cl Ruprecht 98"
"Skiff_J0619+18.5 ",7.94,1446,"","","","","","","","","","Name Skiff J0619+18.5"
"Stock_1          ",8.64,410,158,293.976629322857,25.1205735959855,6.06059536598833,0.215099387802173,2.47848058228708,60.1746386946988,2.18943506175093,0.00000095806356461853,"Cl Stock 1"
"Stock_10         ",7.92,369,182,84.6929990648361,37.6916204570727,-3.15453053462653,-0.417101994395263,2.78870885032714,171.799522065427,3.39506310235696,0.0007144628634482,"Cl Stock 10"
"Stock_12         ",8.05,448,132,353.80344165238,52.6491029676504,8.52164801684305,-1.86896076691637,2.2686731323831,111.378373603317,-8.50433620247501,0.00000032127657478718,"Cl Stock 12"
"Stock_2          ",8.6,435,1530,33.8797098452868,59.4502941147799,15.8157807286792,-13.7477152276547,2.66201471663522,133.441540568944,-1.6948740724054,0.00000007978190866392,"Cl Stock 2"
"Stock_23         ",8.05,613,83,49.1421597311408,60.1143448191615,-4.35975706737659,-1.00782442538599,1.64138420538112,140.0938426257,2.17062540774959,0.00000025700809254572,"Cl Stock 23"
"Stock_4          ",7.88,1283,90,28.0630310458004,57.0542736594431,-1.08120549102943,0.303185766885495,0.72141316297256,131.161133464327,-4.84263567564429,0.00000057725143172187,"Cl Stock 4"
"Stock_5          ",8.14,954,"","","","","","","","","","Cl Stock 5"
"Stock_7          ",7.89,695,306,37.4525530586569,60.5944937664467,-3.59691179263432,0.473290969261588,1.46566025099059,134.722474835042,-0.005487457743541,0.00000001442155138926,"Cl Stock 7"
"Teutsch_35       ",8.02,503,192,294.031397932379,35.7353185644923,-0.632229345322737,-2.45797818322899,2.00561701308932,69.536054121814,7.25821807270637,0.0000794215178452558,"Teutsch 35"
"Trumpler_18      ",7.76,1458,135,167.832858221025,-60.6567898531892,-7.13713792858356,0.612106728630012,0.663940815158976,290.967353556391,-0.131718859303142,0.00000048241745613579,"Cl Trumpler 18"
"Trumpler_2       ",8.05,696,367,39.2166418502567,55.927066222717,1.55250956789295,-5.37497163637537,1.43390985956373,137.369561331446,-3.96098106853926,0.00000005662237901128,"Cl Trumpler 2"
"Trumpler_21      ",7.71,1292,"","","","","","","","","","Cl Trumpler 21"
"Trumpler_26      ",8.43,1478,98,262.137467222546,-29.4770093968647,-0.914123197420677,-3.11995317220617,0.627848177361901,357.543584628383,2.85258797177761,0,"Cl Trumpler 26"
"Trumpler_28      ",7.97,1349,"","","","","","","","","","Cl Trumpler 28"
"Trumpler_29      ",7.72,1450,73,265.344502044022,-40.1079616132312,0.447393895105429,-2.35777868943114,0.66778226203384,350.009160350035,-5.10037849064144,0.00000092566044547577,"Cl Trumpler 29"
"Trumpler_30      ",8.69,1300,68,269.176384166412,-35.2958070747685,1.15509243744197,-2.24026037612641,0.679337516504852,355.716447563184,-5.25783202834368,0,"Cl Trumpler 30"
"Trumpler_33      ",7.81,1389,64,276.150906217796,-19.726446437806,0.535611677834347,0.52754395987039,0.699344768504233,12.3778626378168,-3.21263255764786,0.00000196588538813395,"Cl Trumpler 33"
"Turner_5         ",8.52,429,77,142.49965306897,-36.2490205650102,0.0007092437373709,-2.96150771418464,2.37560633096631,263.709612110524,10.8517171354646,0.0000242183959249489,"Cl Turner 5"
"UBC_1            ",7.85,324,129,287.68032701297,56.9550154884119,-2.47129582047841,3.62807963423818,3.08863833640014,87.6141619458981,19.9646051334158,0.00000058938704830567,
"UBC_100          ",8.26,1388,67,281.22540089095,-10.9602653897112,-1.0907955379623,-3.38356454219426,0.735879515699608,22.4266574010002,-3.54194465379559,0.00000028274605343304,
"UBC_108          ",8.94,1498,20,281.65408053181,-5.1477548437941,-2.88849938820023,-3.6988590507439,0.624237122441932,27.801130495076,-1.27585606117471,"",
"UBC_10b          ",7.75,982,"","","","","","","","","",
"UBC_11           ",7.84,438,62,246.574438627755,-59.8435826709261,-0.465754732907919,-6.90163225415773,2.17439857823566,327.035909931863,-7.45090973320376,0.00000243783731256654,
"UBC_114          ",7.75,1471,21,286.353385837218,-0.38917087407057,-1.46375761989644,-1.9210639491793,0.663149682895521,34.1798569563521,-3.28679270249144,"",
"UBC_118          ",8.69,1437,52,282.672164764662,9.73207694061406,-0.269121100642966,-4.21022932386668,0.646211540865967,41.5271929712227,4.58556387338107,0.00000030611272020649,
"UBC_12           ",8.39,456,31,126.004475413349,-8.40346729775532,-8.3941573950367,4.23662033001933,2.25136080793473,231.602156690993,16.2258017652863,"",
"UBC_120          ",8.37,1116,43,284.079579841769,13.2657295345411,1.10948703220088,1.36242563177426,0.840401655668628,45.3164589907704,4.94437341219191,"",
"UBC_125          ",8.79,1285,56,288.888551693169,22.9673176044811,-1.14120401207768,-4.07392152372546,0.780954084664117,56.0755362241431,5.27060135045886,0.00000001552975394672,
"UBC_129          ",7.78,1175,311,299.042448920578,26.42325647663,-0.996486720026267,-4.36820579311964,0.847571616961481,63.5921901288115,-1.10126873016781,0.00000003462518845559,
"UBC_13           ",8.28,619,83,120.761067433347,2.69747021776771,-7.67975930878838,-1.1986791800145,1.58266961592956,218.825570922169,17.1409720090306,0.0004735750082315,
"UBC_136          ",8.26,1319,147,304.50456115339,32.597910076094,-0.0458875556219411,-3.2963383630184,0.706668187893206,71.3552253082787,-1.77117131444551,0.0003258557452251,
"UBC_14           ",7.74,737,"","","","","","","","","",
"UBC_141          ",9.37,1270,91,313.560794694449,35.692128677802,-1.01456327212011,0.295423331252874,0.715474061940387,78.3389305875358,-5.91243421730558,0.0003104145055112,
"UBC_143          ",8.68,1208,63,299.792273868687,45.6535314628983,-3.15461847722699,-7.84911016549151,0.751120365276174,80.4137151961308,8.33149236666337,0.00000543211368270002,
"UBC_150          ",8.31,851,155,325.430468126153,37.569381656602,-3.99453642206156,-6.53318546633131,1.17769705671272,86.3729033447029,-11.489865360315,0.0001869579529162,
"UBC_152          ",8.51,1335,"","","","","","","","","",
"UBC_157          ",8.27,1117,317,328.724326918,49.7637526536456,1.99341201824754,-0.381676357117428,0.829122623083847,96.1406532727428,-3.69804642787743,0,
"UBC_163          ",8.85,1471,96,330.897260517098,55.6388558760696,-1.98456677800683,-3.24161275182567,0.635636288375862,100.759990550456,0.166046881190579,0.0000335483201000152,
"UBC_168          ",7.9,904,105,332.680558094443,57.5736583822742,1.7973694751849,1.54692465740159,1.08129543341514,102.687575301326,1.16156230447917,0.00000137855665506823,
"UBC_169          ",8.48,1304,49,342.662226223415,49.4935915741293,-3.96290908524149,-3.39253941818758,0.683987032099985,103.627330634385,-8.79684490061846,"",
"UBC_175          ",8.71,1298,144,344.443094051305,54.419799396995,1.45964151251611,-0.79347774213132,0.7347608816365,106.798179365494,-4.85231213180151,0.00000019362385290827,
"UBC_179          ",8.34,1151,126,351.041566025418,59.468645794498,-2.85135180109343,-3.11652638877974,0.824477223814926,112.044800104279,-1.54572744451742,0.00000054492893788492,
"UBC_181          ",8.88,1092,53,0.52582482817902,63.5456921209201,-2.60930444655298,-1.40344539361245,0.878322205984368,117.470349875169,1.19830153036291,0.00000028072497209519,
"UBC_183          ",7.83,1020,70,5.00712560342474,55.7349283862325,0.66191740597761,-2.5650559220717,0.920296849773149,118.48841168448,-6.86559772969103,0.00000034073960864978,
"UBC_194          ",8.39,1317,63,37.6403772282244,48.2877214790262,0.473826197406428,-2.85603943109704,0.743182723462544,139.460186711469,-11.3773130248723,0.00000068576191647638,
"UBC_199          ",9.07,1197,78,67.446385796471,25.4412684669005,2.88221588091042,-1.83029756975138,0.850987548444467,172.777618789136,-15.6537784705034,0.00000000026010679619,
"UBC_2            ",8.32,547,79,5.09485539042812,46.6520635491739,-6.40697986981719,-5.07076782528372,1.79298518725446,117.398789703717,-15.8857407612196,0.00000098346378106871,
"UBC_21           ",8.47,894,"","","","","","","","","",
"UBC_215          ",8.65,1372,179,100.403112676637,-5.23053468584808,-0.111702795568505,-3.1192328233215,0.703282854364112,216.479012820143,-4.56291684669138,0.0000004897777678879,
"UBC_216          ",7.78,1172,127,100.382367291061,-5.78867663939004,-0.0934303278922962,-0.859471857127126,0.83686194200494,216.969285971095,-4.83346094545276,0.00000031398521075932,
"UBC_247          ",7.78,1114,"","","","","","","","","",
"UBC_250          ",8.54,936,55,118.109504752703,-60.3693103943714,-3.46210967142872,10.9604851841691,1.06044837498003,273.132433744451,-16.2970054472763,0.00000202017512328444,
"UBC_255          ",9.4,868,100,128.540161652378,-61.4396914640962,-4.85174380241927,2.86263830904444,1.06650085026892,276.745832987307,-12.4806198669137,0.0000002999169132862,
"UBC_260          ",8.39,564,125,139.668218126629,-69.8807424589492,-7.69670906057554,8.00943493988724,1.8163397214725,286.430543793593,-14.1664820071287,0.00000751861655457172,
"UBC_27           ",8.8,1101,87,294.348139028528,15.5748531813777,-0.801614120053171,-6.2437688431694,0.87114829929335,52.0081736213773,-2.76979194661588,0.00000007455590134405,
"UBC_283          ",8.54,1322,71,179.65139781995,-68.6876472959087,-8.97562559674707,-0.716450137009303,0.740132112308527,298.13924136732,-6.30892477412305,0.00000019992681322202,
"UBC_302          ",8.79,1158,"","","","","","","","","",
"UBC_319          ",8.23,1293,"","","","","","","","","",
"UBC_32           ",8.15,278,180,279.265399845552,-14.0779304913369,-1.76163792803806,-9.30856870521174,3.5666046328732,18.7735605880791,-3.25608026135659,0.00000001619550996558,
"UBC_326          ",8.49,1493,122,258.176561990516,-36.0573236670397,-1.10412248349205,-2.79812219910068,0.574801010156497,350.23428443167,1.8376494474958,0.00000050218106446921,
"UBC_340          ",8.7,1325,63,270.740362452988,-22.6488182996285,0.680993080552375,-2.61869108119005,0.720337506142149,7.39648643691604,-0.180594717786965,0,
"UBC_346          ",9.04,1477,45,276.040868404622,-10.5735288262661,2.93595518100394,-1.06747477386217,0.5992824719769,20.4241132006688,1.15741111806635,"",
"UBC_347          ",8.95,1378,17,276.739870047294,-10.9792852574487,-1.41049901589713,-4.9329591378815,0.729431653755539,20.3857481451831,0.360739378537853,"",
"UBC_356          ",8.05,999,"","","","","","","","","",
"UBC_373          ",7.86,1168,"","","","","","","","","",
"UBC_378          ",8.47,1420,"","","","","","","","","",
"UBC_387          ",8.69,1448,57,326.16956688078,58.7837112874174,-2.22638457519583,-4.83757827593592,0.604257141917034,100.713089543257,4.21902327352418,0.00000341266574471937,
"UBC_392          ",7.93,941,"","","","","","","","","",
"UBC_394          ",8.2,949,54,343.701629729932,59.2474354949553,2.18221000487629,0.0120677686973103,1.09770148631724,108.505680338787,-0.317808133223385,0.0000000817141954973,
"UBC_396          ",8.34,994,130,337.454361470255,66.7436954026055,-2.25287667991254,-2.75848459713985,0.959021564720006,109.588321642114,7.61468297629673,0.00000000040586397334,
"UBC_4            ",8.74,595,87,60.7370262127838,35.5496050700692,-0.79940557685316,-5.74277158535146,1.6604777897545,161.153416574722,-12.7417870165106,0,
"UBC_444          ",8.7,1060,48,105.314144340342,-6.83939927616165,-1.48756535223191,-2.44694868115793,0.917316854543014,220.135375323948,-0.942884089229276,"",
"UBC_47           ",8.42,1457,"","","","","","","","","",
"UBC_480          ",8.32,475,470,120.131700310217,-50.696997420115,-4.96314246004031,5.69409519704654,2.08830000270099,264.941043429725,-10.6881305124842,0.000314239175388,
"UBC_486          ",7.87,1432,99,139.707133569972,-50.5460693416325,-8.18116944407589,6.9972543214927,0.674324785980318,272.364190335126,-0.740698054059888,0.00000002026886167809,
"UBC_5            ",8.32,541,157,238.674220105617,-47.683634112031,-6.61786320954142,-4.13027996200528,1.76179480394398,331.900580449713,4.6133743071366,0.00000005567946374454,
"UBC_511          ",8.74,1233,65,151.928949304881,-70.7569809285005,-6.68246691915147,6.23423921996395,0.771125718512186,290.17643388386,-12.0581461008834,0.00000075987200851075,
"UBC_533          ",7.97,1193,"","","","","","","","","",
"UBC_54           ",8.47,1070,217,64.8068883335158,46.4427213075402,3.264290332602,-3.8085069979676,0.906549609122942,155.835521735157,-2.72639732560565,0.0000001991459888182,
"UBC_56           ",8.79,867,156,69.860387759699,47.5339270518723,1.50561175695688,-4.07694770388708,1.15855310392426,157.421804815783,0.522252973917095,0.00000036727328965952,
"UBC_560          ",8.8,1445,"","","","","","","","","",
"UBC_563          ",8.32,1048,"","","","","","","","","",
"UBC_572          ",9.28,1484,"","","","","","","","","",
"UBC_576          ",7.94,1271,"","","","","","","","","",
"UBC_577          ",9.45,1095,"","","","","","","","","",
"UBC_582          ",7.84,993,138,299.86651567326,38.5132828540549,-3.03498606849705,-7.83499679317626,0.890073256605472,74.2837198844701,4.60320591602945,0.00000299680683871356,
"UBC_6            ",8.9,1439,259,344.044834127271,51.1586179879659,-4.62171999653189,-4.95775012137825,0.692198032355012,105.172125093239,-7.69507376338563,0.00000763408428812169,
"UBC_61           ",8.95,1251,"","","","","","","","","",
"UBC_620          ",7.8,1376,"","","","","","","","","",
"UBC_63           ",7.82,1473,"","","","","","","","","",
"UBC_647          ",8.95,1436,32,116.703851432297,-48.1776432173527,-2.17486455224281,1.69000941873866,0.714591761024065,261.593799158023,-11.4082710019587,"",
"UBC_8            ",8.71,492,217,84.5919426118882,57.1364303594343,-3.22433557161195,-4.00377539085299,2.08623348656622,154.917027410917,13.393033019832,0.0001357520840417,
"UBC_88           ",7.74,930,"","","","","","","","","",
"UBC_94           ",8.5,1243,120,269.568419447672,-24.6462728750685,-1.62159185975738,-4.47388825018378,0.754635892741966,5.12962166835217,-0.239805941766907,0.00000007375687289654,
"UBC_96           ",8.27,1500,24,273.769465594859,-16.29896600193,0.716589906573022,0.900340622380185,0.625613237872147,14.333921138308,0.400109965029578,"",
"UBC_97           ",8.14,1325,"","","","","","","","","",
"UPK_113          ",7.72,705,"","","","","","","","","","UPK_113"
"UPK_119          ",9.21,749,"","","","","","","","","","UPK_119"
"UPK_12           ",8.34,616,80,288.907459630328,-22.1531786095388,0.618477977843631,-6.63116663470599,1.49770823895735,15.3919725948296,-14.9984105901157,0.0000003525914602121,"UPK_12"
"UPK_13           ",8.27,930,60,281.989174321525,-18.3064243254489,-1.13103684411318,-4.12173523209936,1.06229534036371,16.1587514222416,-7.49213087407128,0.00000075413896793615,"UPK_13"
"UPK_131          ",8.75,940,43,315.447614791151,45.4067197972068,2.83683496573396,-1.12365942089733,0.999378432451121,86.6627216065485,-0.677432968520779,"","UPK_131"
"UPK_136          ",8.09,611,80,322.749682621502,43.4914935885411,0.0410727307828571,-0.656025488369088,1.52167208331247,88.9135851422875,-5.75343886742197,0.0001531197141608,"UPK_136"
"UPK_137          ",7.8,833,"","","","","","","","","","UPK_137"
"UPK_143          ",8.5,895,96,319.085325059735,49.9241427283285,1.0865698218575,-2.50314237846573,1.13962773544916,91.6413771141829,0.590409019693533,0.00000132523320416274,"UPK_143"
"UPK_155          ",8.36,818,"","","","","","","","","","UPK_155"
"UPK_167          ",8.11,550,110,336.479081441436,49.7744913256919,1.58522487673771,-0.156727226470879,1.85761625597026,100.251526052967,-6.57961044197363,0.00000742443115790419,"UPK_167"
"UPK_17           ",8.74,712,103,279.689872445627,-15.0250279080973,0.930749405876268,-7.92197120464707,1.50104652605089,18.1161889210516,-4.05321089882169,0.00000000395025785363,"UPK_17"
"UPK_178          ",8.35,935,32,334.507387922976,60.0648550662581,-4.29833416673611,-3.4221587734106,1.05322090725042,104.873997990588,2.68619870075205,"","UPK_178"
"UPK_18           ",8.86,764,"","","","","","","","","","UPK_18"
"UPK_180          ",8.4,825,45,339.020154405869,56.6891681220302,-0.5600352502153,0.178575024748922,1.16226536184036,105.118705032191,-1.42690622630916,"","UPK_180"
"UPK_185          ",7.87,565,106,346.447951573517,49.4050930342093,2.63293802281177,-2.00464068598551,1.78984539542704,105.843582720851,-9.92925685040773,0.00000145921886417925,"UPK_185"
"UPK_194          ",8.26,965,"","","","","","","","","","UPK_194"
"UPK_20           ",9.35,490,72,281.08082113273,-14.2825286803862,3.30734268215784,1.05237420246692,2.1063085851705,19.3909482586429,-4.91758772184415,0.00000104978805197179,"UPK_20"
"UPK_21           ",9.09,569,85,282.910982747859,-15.2029723683388,7.84032448986005,0.670668970988967,1.6724859979274,19.3579720146087,-6.91223584196153,0.0005696689133264,"UPK_21"
"UPK_219          ",8.22,855,"","","","","","","","","","UPK_219"
"UPK_220          ",8.08,964,416,350.961331383138,66.4869091094151,-2.38785809293651,-2.6850969870081,1.02257378678131,114.34073770664,5.0872909225903,0.00000000149385878073,"UPK_220"
"UPK_23           ",8.07,950,"","","","","","","","","","UPK_23"
"UPK_230          ",7.88,549,86,353.535573592941,71.7186282695114,4.89006211057583,-0.93396350838795,1.85039848537363,116.886031360039,9.76004080258478,0.000006881359556846,"UPK_230"
"UPK_237          ",8.19,746,128,5.24675209684822,65.4406439114758,-0.591732600264938,-3.79670653650344,1.36402660004885,119.771845168918,2.75589978968332,0.0017783528744404,"UPK_237"
"UPK_24           ",8.45,497,203,282.892220712602,-12.0847907633664,-3.77564723844268,-9.81107967998504,1.964218021915,22.1579562701057,-5.50666868027787,0.0000155711424959138,"UPK_24"
"UPK_25           ",8.55,589,"","","","","","","","","","UPK_25"
"UPK_26           ",7.91,834,64,283.494361760221,-9.76993379407291,0.109671350932461,-4.45246183362221,1.09419982051509,24.5018607173131,-4.9965356327217,0.0000313034338000238,"UPK_26"
"UPK_265          ",7.97,868,105,31.9227646574965,65.4640708114645,-0.580810511549988,-0.432347758050641,1.15578115447063,130.743865085294,3.75541562093056,0.000000675990046529,"UPK_265"
"UPK_27           ",9.22,899,76,275.063004091622,-5.1669953843132,2.35679560321965,-2.19081853365503,1.08275892620557,24.7565921064176,4.54114716684484,0,"UPK_27"
"UPK_28           ",8.28,906,38,277.346472264937,-4.97703892961197,0.87139756753529,-2.55808963012676,1.08917265649872,25.9832437167448,2.61478400254673,"","UPK_28"
"UPK_282          ",7.9,765,102,30.2874301017759,43.7928062091241,-2.85374020149694,-3.35464838172641,1.26491764454242,136.019612900238,-17.3002588439853,0.0016048272657057,"UPK_282"
"UPK_29           ",8.93,669,89,278.613585169098,-5.43910852238082,0.482528437275441,2.77698959292688,1.48097102046762,26.1553868269005,1.28202487495739,0.00000001256635072916,"UPK_29"
"UPK_294          ",8.29,795,"","","","","","","","","","UPK_294"
"UPK_296          ",8.39,556,"","","","","","","","","","UPK_296"
"UPK_303          ",7.91,205,148,39.5296524021733,40.2316810750107,18.0965009487402,-24.7198863406409,4.74365558390676,144.07867522077,-18.2190484194571,0.00000322449479000895,"UPK_303"
"UPK_305          ",8.18,404,100,41.0062689322043,38.9258583488654,2.84069099147345,-6.55037654402519,2.44432283951418,145.75662284376,-18.9046881546519,0.0000245936467557866,"UPK_305"
"UPK_31           ",8.7,530,111,285.87645884204,-8.44156154207117,-0.292417872747837,1.11807805470965,1.85791053310538,26.7547021139886,-6.50402208946056,0.00000050314312472514,"UPK_31"
"UPK_312          ",8.71,705,36,67.9358410089307,56.0315834708968,0.130292426654999,-0.805802281391647,1.45195992161394,150.327518260645,5.3644150620455,"","UPK_312"
"UPK_33           ",8.47,516,59,280.043139525536,-4.37769585337149,-0.0030885355018214,-10.9396756499139,1.95292395453764,27.7524173574381,0.503980376070344,0.00000000159652680357,"UPK_33"
"UPK_333          ",8.89,696,"","","","","","","","","","UPK_333"
"UPK_350          ",8.13,457,81,101.645778659619,48.7218846243342,-4.8944499665371,-6.30679225749703,2.30779733735747,167.26035944869,19.2835079079772,0,"UPK_350"
"UPK_379          ",8.69,757,46,94.171740691063,30.9073257374078,-1.037040204459,-4.332216502081,1.32841993066531,181.60467136181,6.82711612429142,"","UPK_379"
"UPK_381          ",8.47,699,87,95.7805604374231,29.2713799621942,0.445170412578142,-2.95798792816884,1.38501167469341,183.713161793594,7.31229200397013,0.00000079957785113227,"UPK_381"
"UPK_394          ",8.34,778,67,78.8022292811755,6.28911727565521,-0.488186352356198,-2.02944292347205,1.22900209027057,195.657378968652,-18.0995271309206,0.00000054101984832083,"UPK_394"
"UPK_4            ",8.46,812,130,281.321291673752,-23.8267343947934,-2.02118536390629,-6.40097808097339,1.23565503884744,10.8636055673033,-9.34336763994966,0.000307614341388,"UPK_4"
"UPK_40           ",8.74,654,74,292.827960370919,-7.07410847347665,0.272675201805949,-9.07546612022189,1.52715178383062,31.0993782535258,-12.0664300330561,0.0000326563175440648,"UPK_40"
"UPK_418          ",7.8,901,"","","","","","","","","","UPK_418"
"UPK_42           ",8.36,586,125,293.909995432962,-3.61397428425169,-0.449049195654041,-5.05577574304527,1.68175925190088,34.7520752690451,-11.4779695575303,0.00000009300484905057,"UPK_42"
"UPK_429          ",8.16,884,92,108.953498892712,-0.825013086176173,-1.97312713243017,0.0631289500725105,1.13660606693343,216.455247585836,5.04315280020562,0.00000267538076413756,"UPK_429"
"UPK_431          ",8.79,750,63,108.143283954187,-2.6081674221643,-2.43038258365856,0.775121024491951,1.36165895853089,217.670027013317,3.50430855812539,0.00000132546028286329,"UPK_431"
"UPK_433          ",8.31,773,58,103.44361815831,-5.64571628239496,-0.743207606182277,-2.52635942474915,1.27794693402759,218.224390362618,-2.05328536764291,0.00000235228735022294,"UPK_433"
"UPK_442          ",8.25,613,64,98.0264856212687,-11.3884127921461,-2.56082279708002,-1.39388613688406,1.59731706339603,220.977432477787,-9.41270905983681,0.0007021077645863,"UPK_442"
"UPK_45           ",8.05,875,"","","","","","","","","","UPK_45"
"UPK_452          ",8.23,625,103,108.089165069563,-11.6760357889529,-5.63089798930012,2.97704971441444,1.69679731458958,225.689953328557,-0.735608423559362,0.0001024165336019,"UPK_452"
"UPK_46           ",8.21,682,94,294.531478235439,-1.41128517563227,0.119100020847035,-8.62701565809716,1.465457033897,37.0391716214035,-11.0244680398145,0.0001844734978392,"UPK_46"
"UPK_467          ",8.09,571,95,121.390572708467,-11.3064015368652,-6.92944866513989,-1.62037304721086,1.73787872675798,231.736466229248,10.8342035817998,0.00000023577414286191,"UPK_467"
"UPK_468          ",7.86,844,"","","","","","","","","","UPK_468"
"UPK_495          ",8.65,649,"","","","","","","","","","UPK_495"
"UPK_5            ",8.3,579,103,273.278782644448,-18.2478063077577,0.683597085297579,-8.44858462699688,1.76816138505084,12.3983391914651,-0.120527372537866,0.0001919510962965,"UPK_5"
"UPK_50           ",8.37,970,53,283.292549917331,8.10774117498526,-1.32524355422804,-3.793182112167,0.994798085138429,40.3521842658025,3.30493402082297,0.000066792999207122,"UPK_50"
"UPK_502          ",7.89,700,"","","","","","","","","","UPK_502"
"UPK_508          ",8.06,815,41,135.767614726904,-34.9231383498583,-10.5264297397117,6.30394252146736,1.18743870505699,258.924011871391,7.78243533343767,"","UPK_508"
"UPK_51           ",8.04,571,72,314.122195284102,-6.77944988495835,5.11526572399307,1.96567901629481,1.74048542944901,41.6342447961341,-30.8284495988956,0.0011923935110734,"UPK_51"
"UPK_524          ",8.07,561,55,106.320126429887,-55.0074084923771,-2.71433785214943,8.65497421384272,1.82651042078285,265.390616937935,-20.0442452160447,0.0000536813034745995,"UPK_524"
"UPK_528          ",8.54,988,80,137.054078932533,-43.3750245931763,-7.67439767040037,1.95014061884345,1.03328888416372,265.919557178337,2.88951711289429,0,"UPK_528"
"UPK_53           ",8.69,611,157,288.508486935134,14.2732236448135,2.45018250423321,1.03790007544572,1.68650353448784,48.1813469387867,1.57698617372864,0,"UPK_53"
"UPK_533          ",7.96,340,76,122.461038450779,-52.5552890360607,-6.9505644575089,2.59450493063039,2.93271641784049,267.317660735662,-10.3985513772651,0.0001295140852672,"UPK_533"
"UPK_537          ",8.37,617,85,127.128732870041,-52.3084128034566,-6.66905634366784,7.71440120289609,1.65894706572966,268.689507608258,-7.88396507380048,0.00000013324846312171,"UPK_537"
"UPK_54           ",8.08,789,91,286.073020277468,15.7787258935836,-0.550538416621033,-5.89022992413494,1.22089083761154,48.4402961127104,4.35764245537786,0,"UPK_54"
"UPK_542          ",8.8,789,"","","","","","","","","","UPK_542"
"UPK_545          ",7.91,342,255,130.889317614952,-58.7874202787743,-8.70043495732121,2.72029143412368,3.06543832489527,275.257098792029,-9.97658404938596,0.00000027693077945397,"UPK_545"
"UPK_549          ",8.99,991,214,146.49954673557,-52.4902417277312,-1.66252352840922,-0.40817617335171,0.980740006709538,276.784311698604,0.7034697344592,0.0000924724190625699,"UPK_549"
"UPK_55           ",8.4,756,62,296.84384197084,10.4010484787821,-1.44056464770605,-6.88409731362649,1.25806330700022,48.6754441358005,-7.42428277034919,0.00000344443093581701,"UPK_55"
"UPK_552          ",8.08,320,57,158.54042437325,-47.1064041242841,-22.4435421434187,6.35866773741723,3.07144234761523,280.029681613363,9.5693843352927,0.00000167071598179529,"UPK_552"
"UPK_560          ",8.52,589,48,158.401574445794,-44.3687300387779,-12.5948307881187,3.90165274876194,1.71792399951476,278.51924679498,11.8720152162535,"","UPK_560"
"UPK_562          ",8.01,785,59,165.815009877872,-56.9599226062662,-11.7232630018997,4.84551636238209,1.25276388103513,288.560075579559,2.862444372876,0.00000077272082041157,"UPK_562"
"UPK_567          ",8.56,636,90,161.159463427608,-67.5762877756178,-6.36735760793807,0.111694304245637,1.53988161348182,291.264505420622,-7.62364406200518,0.00000482579366541514,"UPK_567"
"UPK_578          ",8.94,933,57,193.026942844503,-57.367352381649,-12.9643358431322,-4.58847919116513,1.04800223972335,303.022642689986,5.50427962266788,0.00000004058916200974,"UPK_578"
"UPK_579          ",8.12,691,127,192.909119868693,-50.7610533619085,-10.5778179458122,-3.35200081677904,1.38395871567325,302.964034731933,12.1106842567841,0.00000479330046611649,"UPK_579"
"UPK_585          ",7.91,693,"","","","","","","","","","UPK_585"
"UPK_587          ",8.11,882,76,200.97280891002,-49.905838101625,-8.92086825824395,-2.51971834100949,1.08781756531041,308.276696519896,12.6288221528432,0.00000464341059142673,"UPK_587"
"UPK_594          ",8.19,913,41,219.350646342434,-68.0534674935954,-1.89256778873137,-3.1082514298605,1.06760295624356,312.60544790564,-7.19458106396383,"","UPK_594"
"UPK_605          ",7.88,721,79,234.581801292315,-65.9569757024025,-3.64817146981692,-4.30155417496322,1.33150327855451,318.838904475527,-8.38271732070165,0,"UPK_605"
"UPK_612          ",8.01,240,99,255.279401031686,-68.0469934310553,-13.2371392375974,-12.2715888269864,4.36442400586324,323.054695102498,-15.597400674458,0.00000045122197060066,"UPK_612"
"UPK_613          ",7.93,840,"","","","","","","","","","UPK_613"
"UPK_614          ",8.01,871,13,231.341098965597,-54.0362447001697,-1.89918381031545,-4.44023253172427,1.10149590599962,324.38459885457,2.29698238242373,"","UPK_614"
"UPK_617          ",7.86,702,49,234.852431058417,-55.3228353631735,-2.79914402063393,-5.28422173786411,1.35894292855603,325.305957588939,0.0775195939137659,"","UPK_617"
"UPK_626          ",8.35,500,55,239.861234184693,-50.3361423562428,-7.44325578999098,-5.68925550914344,1.98664796359646,330.780264566679,2.08536252214209,0,"UPK_626"
"UPK_627          ",8.68,527,38,245.30605740434,-52.974666860853,-2.50496360558657,-10.0390655814629,1.89355490300788,331.468794352429,-2.14326334593197,"","UPK_627"
"UPK_629          ",8.73,921,35,255.131431250582,-55.8830470719889,0.695364461375716,-3.77487799478917,1.091211498339,333.050879007855,-8.35176824795466,"","UPK_629"
"UPK_630          ",8.07,869,"","","","","","","","","","UPK_630"
"UPK_642          ",8.23,893,"","","","","","","","","","UPK_642"
"UPK_644          ",8.27,730,93,249.13831606271,-31.3824421915918,-3.90870323169368,-3.34699191384838,1.32643843996425,349.189455844879,10.6230759740525,0.0006033788467768,"UPK_644"
"UPK_645          ",8.06,683,71,270.181556094812,-42.7939169235756,2.77139851084539,-2.88736077088466,1.44227541796423,349.487301946629,-9.58136820608358,0.00000038803103971496,"UPK_645"
"UPK_65           ",8.46,728,72,286.542549754185,23.375357755342,-1.8157914490789,-3.63517446593706,1.28556178350684,55.4618578885267,7.37914880982575,0.0001865430319506,"UPK_65"
"UPK_654          ",7.92,511,105,277.347521441011,-34.4508267425356,1.18073094116769,-8.6425774118891,1.97752161137958,359.61154485987,-10.8043721958917,0.00000018451985965306,"UPK_654"
"UPK_66           ",8.19,649,64,305.335410688448,13.4232646843319,0.466241186191466,-10.0110984265042,1.46820110089931,55.6421066473017,-13.0081784915668,0.00000268104180032112,"UPK_66"
"UPK_7            ",8.48,765,40,276.760895059062,-17.397287281961,-0.381507396473741,-5.77138062625105,1.25484994869193,14.7121601199829,-2.642878285961,"","UPK_7"
"UPK_79           ",8.26,900,51,303.961734457335,21.5280833223347,-2.15984027425508,-5.39578291502384,1.0314600428662,61.8431630043835,-7.51266915691513,0.00000231158787632298,"UPK_79"
"UPK_80           ",8.59,880,25,293.913664292742,28.1598532015054,1.22191959785113,-1.05359541383613,1.14064373839436,62.808980055228,3.71240530978488,"","UPK_80"
"UPK_82           ",7.93,546,70,298.150317634147,26.1718174871793,2.29231652333493,-2.13482359056719,1.82456327602457,62.964183276272,-0.545759794012443,0.00000037596087749888,"UPK_82"
"UPK_84           ",9.01,915,183,310.19127074145,20.0822895603638,-6.28684431674357,-9.30331675605613,1.09665160870923,63.9772445683812,-13.133215432037,0.00000072512489832315,"UPK_84"
"UPK_90           ",7.74,776,61,299.764876903393,28.4574911358878,-0.850313933145128,-5.75209908993364,1.24237130016853,65.6624524374081,-0.587385529129959,0.00000419887217750074,"UPK_90"
"UPK_93           ",8.74,680,"","","","","","","","","","UPK_93"
"UPK_94           ",8.13,928,"","","","","","","","","","UPK_94"
"UPK_99           ",8.22,747,"","","","","","","","","","UPK_99"
